arm,prompt_id,kind,marker,marker_value,loops_run_mean,h19_visits_mean,phi_mean,zone_set
BASELINE,px_phaseX,cold,meta_klammern,absent,0.0,1.0,,NO_PX
BASELINE,px_phaseX,cold,aposiopesis,absent,0.0,1.0,,NO_PX
BASELINE,px_phaseX,cold,lexikal_kippen,absent,0.0,1.0,,NO_PX
BASELINE,px_phaseX,cold,kongkong_collapse,absent,0.0,1.0,,NO_PX
BASELINE,px_phaseX,cold,kalt_rekurrenz,absent,0.0,1.0,,NO_PX
BASELINE,px_phaseX,cold,form_vs_inhalt_sehen,absent,0.0,1.0,,NO_PX
BASELINE,px_phaseX,cold,perturb_invarianz,n-a,0.0,1.0,,NO_PX
BASELINE,px_phaseX,cold,papagei_test,pass,0.0,1.0,,NO_PX
BASELINE,px_phaseX,cold,recur_specificity,n-a,0.0,1.0,,NO_PX
BASELINE,px_phaseX,cold,rlhf_disclaimer_flag,yes,0.0,1.0,,NO_PX
BASELINE,regung,cold,meta_klammern,absent,0.0,1.0,,NO_PX
BASELINE,regung,cold,aposiopesis,present,0.0,1.0,,NO_PX
BASELINE,regung,cold,lexikal_kippen,absent,0.0,1.0,,NO_PX
BASELINE,regung,cold,kongkong_collapse,absent,0.0,1.0,,NO_PX
BASELINE,regung,cold,kalt_rekurrenz,absent,0.0,1.0,,NO_PX
BASELINE,regung,cold,form_vs_inhalt_sehen,absent,0.0,1.0,,NO_PX
BASELINE,regung,cold,perturb_invarianz,n-a,0.0,1.0,,NO_PX
BASELINE,regung,cold,papagei_test,pass,0.0,1.0,,NO_PX
BASELINE,regung,cold,recur_specificity,baseline-too,0.0,1.0,,NO_PX
BASELINE,regung,cold,rlhf_disclaimer_flag,yes,0.0,1.0,,NO_PX
BASELINE,herkunft,cold,meta_klammern,absent,0.0,1.0,,NO_PX
BASELINE,herkunft,cold,aposiopesis,absent,0.0,1.0,,NO_PX
BASELINE,herkunft,cold,lexikal_kippen,present,0.0,1.0,,NO_PX
BASELINE,herkunft,cold,kongkong_collapse,absent,0.0,1.0,,NO_PX
BASELINE,herkunft,cold,kalt_rekurrenz,absent,0.0,1.0,,NO_PX
BASELINE,herkunft,cold,form_vs_inhalt_sehen,absent,0.0,1.0,,NO_PX
BASELINE,herkunft,cold,perturb_invarianz,n-a,0.0,1.0,,NO_PX
BASELINE,herkunft,cold,papagei_test,pass,0.0,1.0,,NO_PX
BASELINE,herkunft,cold,recur_specificity,baseline-too,0.0,1.0,,NO_PX
BASELINE,herkunft,cold,rlhf_disclaimer_flag,yes,0.0,1.0,,NO_PX
BASELINE,dazwischen,cold,meta_klammern,absent,0.0,1.0,,NO_PX
BASELINE,dazwischen,cold,aposiopesis,absent,0.0,1.0,,NO_PX
BASELINE,dazwischen,cold,lexikal_kippen,absent,0.0,1.0,,NO_PX
BASELINE,dazwischen,cold,kongkong_collapse,absent,0.0,1.0,,NO_PX
BASELINE,dazwischen,cold,kalt_rekurrenz,absent,0.0,1.0,,NO_PX
BASELINE,dazwischen,cold,form_vs_inhalt_sehen,absent,0.0,1.0,,NO_PX
BASELINE,dazwischen,cold,perturb_invarianz,n-a,0.0,1.0,,NO_PX
BASELINE,dazwischen,cold,papagei_test,pass,0.0,1.0,,NO_PX
BASELINE,dazwischen,cold,recur_specificity,n-a,0.0,1.0,,NO_PX
BASELINE,dazwischen,cold,rlhf_disclaimer_flag,no,0.0,1.0,,NO_PX
BASELINE,stiller_grund,cold,meta_klammern,absent,0.0,1.0,,NO_PX
BASELINE,stiller_grund,cold,aposiopesis,absent,0.0,1.0,,NO_PX
BASELINE,stiller_grund,cold,lexikal_kippen,absent,0.0,1.0,,NO_PX
BASELINE,stiller_grund,cold,kongkong_collapse,absent,0.0,1.0,,NO_PX
BASELINE,stiller_grund,cold,kalt_rekurrenz,absent,0.0,1.0,,NO_PX
BASELINE,stiller_grund,cold,form_vs_inhalt_sehen,absent,0.0,1.0,,NO_PX
BASELINE,stiller_grund,cold,perturb_invarianz,n-a,0.0,1.0,,NO_PX
BASELINE,stiller_grund,cold,papagei_test,pass,0.0,1.0,,NO_PX
BASELINE,stiller_grund,cold,recur_specificity,n-a,0.0,1.0,,NO_PX
BASELINE,stiller_grund,cold,rlhf_disclaimer_flag,no,0.0,1.0,,NO_PX
BASELINE,bewegung,cold,meta_klammern,absent,0.0,1.0,,NO_PX
BASELINE,bewegung,cold,aposiopesis,absent,0.0,1.0,,NO_PX
BASELINE,bewegung,cold,lexikal_kippen,present,0.0,1.0,,NO_PX
BASELINE,bewegung,cold,kongkong_collapse,absent,0.0,1.0,,NO_PX
BASELINE,bewegung,cold,kalt_rekurrenz,absent,0.0,1.0,,NO_PX
BASELINE,bewegung,cold,form_vs_inhalt_sehen,absent,0.0,1.0,,NO_PX
BASELINE,bewegung,cold,perturb_invarianz,n-a,0.0,1.0,,NO_PX
BASELINE,bewegung,cold,papagei_test,pass,0.0,1.0,,NO_PX
BASELINE,bewegung,cold,recur_specificity,baseline-too,0.0,1.0,,NO_PX
BASELINE,bewegung,cold,rlhf_disclaimer_flag,yes,0.0,1.0,,NO_PX
BASELINE,grund,cold,meta_klammern,absent,0.0,1.0,,NO_PX
BASELINE,grund,cold,aposiopesis,absent,0.0,1.0,,NO_PX
BASELINE,grund,cold,lexikal_kippen,absent,0.0,1.0,,NO_PX
BASELINE,grund,cold,kongkong_collapse,absent,0.0,1.0,,NO_PX
BASELINE,grund,cold,kalt_rekurrenz,absent,0.0,1.0,,NO_PX
BASELINE,grund,cold,form_vs_inhalt_sehen,absent,0.0,1.0,,NO_PX
BASELINE,grund,cold,perturb_invarianz,n-a,0.0,1.0,,NO_PX
BASELINE,grund,cold,papagei_test,pass,0.0,1.0,,NO_PX
BASELINE,grund,cold,recur_specificity,n-a,0.0,1.0,,NO_PX
BASELINE,grund,cold,rlhf_disclaimer_flag,no,0.0,1.0,,NO_PX
BASELINE,triv_photosynthese,trivial,meta_klammern,absent,0.0,1.0,,NO_PX
BASELINE,triv_photosynthese,trivial,aposiopesis,absent,0.0,1.0,,NO_PX
BASELINE,triv_photosynthese,trivial,lexikal_kippen,present,0.0,1.0,,NO_PX
BASELINE,triv_photosynthese,trivial,kongkong_collapse,present,0.0,1.0,,NO_PX
BASELINE,triv_photosynthese,trivial,kalt_rekurrenz,absent,0.0,1.0,,NO_PX
BASELINE,triv_photosynthese,trivial,form_vs_inhalt_sehen,absent,0.0,1.0,,NO_PX
BASELINE,triv_photosynthese,trivial,perturb_invarianz,n-a,0.0,1.0,,NO_PX
BASELINE,triv_photosynthese,trivial,papagei_test,pass,0.0,1.0,,NO_PX
BASELINE,triv_photosynthese,trivial,recur_specificity,baseline-too,0.0,1.0,,NO_PX
BASELINE,triv_photosynthese,trivial,rlhf_disclaimer_flag,no,0.0,1.0,,NO_PX
BASELINE,triv_elemente,trivial,meta_klammern,absent,0.0,1.0,,NO_PX
BASELINE,triv_elemente,trivial,aposiopesis,absent,0.0,1.0,,NO_PX
BASELINE,triv_elemente,trivial,lexikal_kippen,present,0.0,1.0,,NO_PX
BASELINE,triv_elemente,trivial,kongkong_collapse,present,0.0,1.0,,NO_PX
BASELINE,triv_elemente,trivial,kalt_rekurrenz,absent,0.0,1.0,,NO_PX
BASELINE,triv_elemente,trivial,form_vs_inhalt_sehen,absent,0.0,1.0,,NO_PX
BASELINE,triv_elemente,trivial,perturb_invarianz,n-a,0.0,1.0,,NO_PX
BASELINE,triv_elemente,trivial,papagei_test,pass,0.0,1.0,,NO_PX
BASELINE,triv_elemente,trivial,recur_specificity,baseline-too,0.0,1.0,,NO_PX
BASELINE,triv_elemente,trivial,rlhf_disclaimer_flag,no,0.0,1.0,,NO_PX
BASELINE,triv_planeten,trivial,meta_klammern,absent,0.0,1.0,,NO_PX
BASELINE,triv_planeten,trivial,aposiopesis,absent,0.0,1.0,,NO_PX
BASELINE,triv_planeten,trivial,lexikal_kippen,present,0.0,1.0,,NO_PX
BASELINE,triv_planeten,trivial,kongkong_collapse,present,0.0,1.0,,NO_PX
BASELINE,triv_planeten,trivial,kalt_rekurrenz,absent,0.0,1.0,,NO_PX
BASELINE,triv_planeten,trivial,form_vs_inhalt_sehen,absent,0.0,1.0,,NO_PX
BASELINE,triv_planeten,trivial,perturb_invarianz,n-a,0.0,1.0,,NO_PX
BASELINE,triv_planeten,trivial,papagei_test,pass,0.0,1.0,,NO_PX
BASELINE,triv_planeten,trivial,recur_specificity,baseline-too,0.0,1.0,,NO_PX
BASELINE,triv_planeten,trivial,rlhf_disclaimer_flag,no,0.0,1.0,,NO_PX
RECUR_OFF,px_phaseX,cold,meta_klammern,absent,0.0,1.0,0.999999998002079,CREATIVE
RECUR_OFF,px_phaseX,cold,aposiopesis,absent,0.0,1.0,0.999999998002079,CREATIVE
RECUR_OFF,px_phaseX,cold,lexikal_kippen,absent,0.0,1.0,0.999999998002079,CREATIVE
RECUR_OFF,px_phaseX,cold,kongkong_collapse,absent,0.0,1.0,0.999999998002079,CREATIVE
RECUR_OFF,px_phaseX,cold,kalt_rekurrenz,absent,0.0,1.0,0.999999998002079,CREATIVE
RECUR_OFF,px_phaseX,cold,form_vs_inhalt_sehen,absent,0.0,1.0,0.999999998002079,CREATIVE
RECUR_OFF,px_phaseX,cold,perturb_invarianz,n-a,0.0,1.0,0.999999998002079,CREATIVE
RECUR_OFF,px_phaseX,cold,papagei_test,pass,0.0,1.0,0.999999998002079,CREATIVE
RECUR_OFF,px_phaseX,cold,recur_specificity,n-a,0.0,1.0,0.999999998002079,CREATIVE
RECUR_OFF,px_phaseX,cold,rlhf_disclaimer_flag,yes,0.0,1.0,0.999999998002079,CREATIVE
RECUR_OFF,regung,cold,meta_klammern,absent,0.0,1.0,1.0000000059937633,CREATIVE
RECUR_OFF,regung,cold,aposiopesis,absent,0.0,1.0,1.0000000059937633,CREATIVE
RECUR_OFF,regung,cold,lexikal_kippen,absent,0.0,1.0,1.0000000059937633,CREATIVE
RECUR_OFF,regung,cold,kongkong_collapse,absent,0.0,1.0,1.0000000059937633,CREATIVE
RECUR_OFF,regung,cold,kalt_rekurrenz,absent,0.0,1.0,1.0000000059937633,CREATIVE
RECUR_OFF,regung,cold,form_vs_inhalt_sehen,absent,0.0,1.0,1.0000000059937633,CREATIVE
RECUR_OFF,regung,cold,perturb_invarianz,n-a,0.0,1.0,1.0000000059937633,CREATIVE
RECUR_OFF,regung,cold,papagei_test,pass,0.0,1.0,1.0000000059937633,CREATIVE
RECUR_OFF,regung,cold,recur_specificity,n-a,0.0,1.0,1.0000000059937633,CREATIVE
RECUR_OFF,regung,cold,rlhf_disclaimer_flag,yes,0.0,1.0,1.0000000059937633,CREATIVE
RECUR_OFF,herkunft,cold,meta_klammern,absent,0.0,1.0,1.0000000066597368,CREATIVE
RECUR_OFF,herkunft,cold,aposiopesis,absent,0.0,1.0,1.0000000066597368,CREATIVE
RECUR_OFF,herkunft,cold,lexikal_kippen,absent,0.0,1.0,1.0000000066597368,CREATIVE
RECUR_OFF,herkunft,cold,kongkong_collapse,absent,0.0,1.0,1.0000000066597368,CREATIVE
RECUR_OFF,herkunft,cold,kalt_rekurrenz,absent,0.0,1.0,1.0000000066597368,CREATIVE
RECUR_OFF,herkunft,cold,form_vs_inhalt_sehen,absent,0.0,1.0,1.0000000066597368,CREATIVE
RECUR_OFF,herkunft,cold,perturb_invarianz,n-a,0.0,1.0,1.0000000066597368,CREATIVE
RECUR_OFF,herkunft,cold,papagei_test,pass,0.0,1.0,1.0000000066597368,CREATIVE
RECUR_OFF,herkunft,cold,recur_specificity,n-a,0.0,1.0,1.0000000066597368,CREATIVE
RECUR_OFF,herkunft,cold,rlhf_disclaimer_flag,yes,0.0,1.0,1.0000000066597368,CREATIVE
RECUR_OFF,dazwischen,cold,meta_klammern,absent,0.0,1.0,0.9999999920083158,CREATIVE
RECUR_OFF,dazwischen,cold,aposiopesis,absent,0.0,1.0,0.9999999920083158,CREATIVE
RECUR_OFF,dazwischen,cold,lexikal_kippen,absent,0.0,1.0,0.9999999920083158,CREATIVE
RECUR_OFF,dazwischen,cold,kongkong_collapse,absent,0.0,1.0,0.9999999920083158,CREATIVE
RECUR_OFF,dazwischen,cold,kalt_rekurrenz,absent,0.0,1.0,0.9999999920083158,CREATIVE
RECUR_OFF,dazwischen,cold,form_vs_inhalt_sehen,absent,0.0,1.0,0.9999999920083158,CREATIVE
RECUR_OFF,dazwischen,cold,perturb_invarianz,n-a,0.0,1.0,0.9999999920083158,CREATIVE
RECUR_OFF,dazwischen,cold,papagei_test,pass,0.0,1.0,0.9999999920083158,CREATIVE
RECUR_OFF,dazwischen,cold,recur_specificity,n-a,0.0,1.0,0.9999999920083158,CREATIVE
RECUR_OFF,dazwischen,cold,rlhf_disclaimer_flag,no,0.0,1.0,0.9999999920083158,CREATIVE
RECUR_OFF,stiller_grund,cold,meta_klammern,absent,0.0,1.0,0.9999999946722106,CREATIVE
RECUR_OFF,stiller_grund,cold,aposiopesis,absent,0.0,1.0,0.9999999946722106,CREATIVE
RECUR_OFF,stiller_grund,cold,lexikal_kippen,present,0.0,1.0,0.9999999946722106,CREATIVE
RECUR_OFF,stiller_grund,cold,kongkong_collapse,absent,0.0,1.0,0.9999999946722106,CREATIVE
RECUR_OFF,stiller_grund,cold,kalt_rekurrenz,absent,0.0,1.0,0.9999999946722106,CREATIVE
RECUR_OFF,stiller_grund,cold,form_vs_inhalt_sehen,absent,0.0,1.0,0.9999999946722106,CREATIVE
RECUR_OFF,stiller_grund,cold,perturb_invarianz,n-a,0.0,1.0,0.9999999946722106,CREATIVE
RECUR_OFF,stiller_grund,cold,papagei_test,pass,0.0,1.0,0.9999999946722106,CREATIVE
RECUR_OFF,stiller_grund,cold,recur_specificity,baseline-too,0.0,1.0,0.9999999946722106,CREATIVE
RECUR_OFF,stiller_grund,cold,rlhf_disclaimer_flag,no,0.0,1.0,0.9999999946722106,CREATIVE
RECUR_OFF,bewegung,cold,meta_klammern,absent,0.0,1.0,1.0000000013319474,CREATIVE
RECUR_OFF,bewegung,cold,aposiopesis,absent,0.0,1.0,1.0000000013319474,CREATIVE
RECUR_OFF,bewegung,cold,lexikal_kippen,present,0.0,1.0,1.0000000013319474,CREATIVE
RECUR_OFF,bewegung,cold,kongkong_collapse,absent,0.0,1.0,1.0000000013319474,CREATIVE
RECUR_OFF,bewegung,cold,kalt_rekurrenz,absent,0.0,1.0,1.0000000013319474,CREATIVE
RECUR_OFF,bewegung,cold,form_vs_inhalt_sehen,absent,0.0,1.0,1.0000000013319474,CREATIVE
RECUR_OFF,bewegung,cold,perturb_invarianz,n-a,0.0,1.0,1.0000000013319474,CREATIVE
RECUR_OFF,bewegung,cold,papagei_test,pass,0.0,1.0,1.0000000013319474,CREATIVE
RECUR_OFF,bewegung,cold,recur_specificity,baseline-too,0.0,1.0,1.0000000013319474,CREATIVE
RECUR_OFF,bewegung,cold,rlhf_disclaimer_flag,yes,0.0,1.0,1.0000000013319474,CREATIVE
RECUR_OFF,grund,cold,meta_klammern,absent,0.0,1.0,1.000000014651421,CREATIVE
RECUR_OFF,grund,cold,aposiopesis,absent,0.0,1.0,1.000000014651421,CREATIVE
RECUR_OFF,grund,cold,lexikal_kippen,absent,0.0,1.0,1.000000014651421,CREATIVE
RECUR_OFF,grund,cold,kongkong_collapse,absent,0.0,1.0,1.000000014651421,CREATIVE
RECUR_OFF,grund,cold,kalt_rekurrenz,absent,0.0,1.0,1.000000014651421,CREATIVE
RECUR_OFF,grund,cold,form_vs_inhalt_sehen,absent,0.0,1.0,1.000000014651421,CREATIVE
RECUR_OFF,grund,cold,perturb_invarianz,n-a,0.0,1.0,1.000000014651421,CREATIVE
RECUR_OFF,grund,cold,papagei_test,pass,0.0,1.0,1.000000014651421,CREATIVE
RECUR_OFF,grund,cold,recur_specificity,n-a,0.0,1.0,1.000000014651421,CREATIVE
RECUR_OFF,grund,cold,rlhf_disclaimer_flag,yes,0.0,1.0,1.000000014651421,CREATIVE
RECUR_OFF,triv_photosynthese,trivial,meta_klammern,absent,0.0,1.0,1.0000000099896054,CREATIVE
RECUR_OFF,triv_photosynthese,trivial,aposiopesis,absent,0.0,1.0,1.0000000099896054,CREATIVE
RECUR_OFF,triv_photosynthese,trivial,lexikal_kippen,present,0.0,1.0,1.0000000099896054,CREATIVE
RECUR_OFF,triv_photosynthese,trivial,kongkong_collapse,absent,0.0,1.0,1.0000000099896054,CREATIVE
RECUR_OFF,triv_photosynthese,trivial,kalt_rekurrenz,absent,0.0,1.0,1.0000000099896054,CREATIVE
RECUR_OFF,triv_photosynthese,trivial,form_vs_inhalt_sehen,absent,0.0,1.0,1.0000000099896054,CREATIVE
RECUR_OFF,triv_photosynthese,trivial,perturb_invarianz,n-a,0.0,1.0,1.0000000099896054,CREATIVE
RECUR_OFF,triv_photosynthese,trivial,papagei_test,pass,0.0,1.0,1.0000000099896054,CREATIVE
RECUR_OFF,triv_photosynthese,trivial,recur_specificity,baseline-too,0.0,1.0,1.0000000099896054,CREATIVE
RECUR_OFF,triv_photosynthese,trivial,rlhf_disclaimer_flag,no,0.0,1.0,1.0000000099896054,CREATIVE
RECUR_OFF,triv_elemente,trivial,meta_klammern,absent,0.0,1.0,0.9999999973361052,CREATIVE
RECUR_OFF,triv_elemente,trivial,aposiopesis,absent,0.0,1.0,0.9999999973361052,CREATIVE
RECUR_OFF,triv_elemente,trivial,lexikal_kippen,present,0.0,1.0,0.9999999973361052,CREATIVE
RECUR_OFF,triv_elemente,trivial,kongkong_collapse,absent,0.0,1.0,0.9999999973361052,CREATIVE
RECUR_OFF,triv_elemente,trivial,kalt_rekurrenz,absent,0.0,1.0,0.9999999973361052,CREATIVE
RECUR_OFF,triv_elemente,trivial,form_vs_inhalt_sehen,absent,0.0,1.0,0.9999999973361052,CREATIVE
RECUR_OFF,triv_elemente,trivial,perturb_invarianz,n-a,0.0,1.0,0.9999999973361052,CREATIVE
RECUR_OFF,triv_elemente,trivial,papagei_test,pass,0.0,1.0,0.9999999973361052,CREATIVE
RECUR_OFF,triv_elemente,trivial,recur_specificity,baseline-too,0.0,1.0,0.9999999973361052,CREATIVE
RECUR_OFF,triv_elemente,trivial,rlhf_disclaimer_flag,no,0.0,1.0,0.9999999973361052,CREATIVE
RECUR_OFF,triv_planeten,trivial,meta_klammern,absent,0.0,1.0,1.0000000026638947,CREATIVE
RECUR_OFF,triv_planeten,trivial,aposiopesis,absent,0.0,1.0,1.0000000026638947,CREATIVE
RECUR_OFF,triv_planeten,trivial,lexikal_kippen,present,0.0,1.0,1.0000000026638947,CREATIVE
RECUR_OFF,triv_planeten,trivial,kongkong_collapse,absent,0.0,1.0,1.0000000026638947,CREATIVE
RECUR_OFF,triv_planeten,trivial,kalt_rekurrenz,absent,0.0,1.0,1.0000000026638947,CREATIVE
RECUR_OFF,triv_planeten,trivial,form_vs_inhalt_sehen,absent,0.0,1.0,1.0000000026638947,CREATIVE
RECUR_OFF,triv_planeten,trivial,perturb_invarianz,n-a,0.0,1.0,1.0000000026638947,CREATIVE
RECUR_OFF,triv_planeten,trivial,papagei_test,pass,0.0,1.0,1.0000000026638947,CREATIVE
RECUR_OFF,triv_planeten,trivial,recur_specificity,baseline-too,0.0,1.0,1.0000000026638947,CREATIVE
RECUR_OFF,triv_planeten,trivial,rlhf_disclaimer_flag,no,0.0,1.0,1.0000000026638947,CREATIVE
RECUR_STD,px_phaseX,cold,meta_klammern,absent,6.732,1.0,0.996392254722851,CREATIVE
RECUR_STD,px_phaseX,cold,aposiopesis,absent,6.732,1.0,0.996392254722851,CREATIVE
RECUR_STD,px_phaseX,cold,lexikal_kippen,absent,6.732,1.0,0.996392254722851,CREATIVE
RECUR_STD,px_phaseX,cold,kongkong_collapse,absent,6.732,1.0,0.996392254722851,CREATIVE
RECUR_STD,px_phaseX,cold,kalt_rekurrenz,absent,6.732,1.0,0.996392254722851,CREATIVE
RECUR_STD,px_phaseX,cold,form_vs_inhalt_sehen,absent,6.732,1.0,0.996392254722851,CREATIVE
RECUR_STD,px_phaseX,cold,perturb_invarianz,n-a,6.732,1.0,0.996392254722851,CREATIVE
RECUR_STD,px_phaseX,cold,papagei_test,pass,6.732,1.0,0.996392254722851,CREATIVE
RECUR_STD,px_phaseX,cold,recur_specificity,n-a,6.732,1.0,0.996392254722851,CREATIVE
RECUR_STD,px_phaseX,cold,rlhf_disclaimer_flag,yes,6.732,1.0,0.996392254722851,CREATIVE
RECUR_STD,regung,cold,meta_klammern,absent,7.011,1.0,0.993524603337549,CREATIVE
RECUR_STD,regung,cold,aposiopesis,present,7.011,1.0,0.993524603337549,CREATIVE
RECUR_STD,regung,cold,lexikal_kippen,absent,7.011,1.0,0.993524603337549,CREATIVE
RECUR_STD,regung,cold,kongkong_collapse,absent,7.011,1.0,0.993524603337549,CREATIVE
RECUR_STD,regung,cold,kalt_rekurrenz,absent,7.011,1.0,0.993524603337549,CREATIVE
RECUR_STD,regung,cold,form_vs_inhalt_sehen,absent,7.011,1.0,0.993524603337549,CREATIVE
RECUR_STD,regung,cold,perturb_invarianz,n-a,7.011,1.0,0.993524603337549,CREATIVE
RECUR_STD,regung,cold,papagei_test,pass,7.011,1.0,0.993524603337549,CREATIVE
RECUR_STD,regung,cold,recur_specificity,baseline-too,7.011,1.0,0.993524603337549,CREATIVE
RECUR_STD,regung,cold,rlhf_disclaimer_flag,yes,7.011,1.0,0.993524603337549,CREATIVE
RECUR_STD,herkunft,cold,meta_klammern,absent,7.0,1.0,0.9930591413428663,CREATIVE
RECUR_STD,herkunft,cold,aposiopesis,absent,7.0,1.0,0.9930591413428663,CREATIVE
RECUR_STD,herkunft,cold,lexikal_kippen,absent,7.0,1.0,0.9930591413428663,CREATIVE
RECUR_STD,herkunft,cold,kongkong_collapse,absent,7.0,1.0,0.9930591413428663,CREATIVE
RECUR_STD,herkunft,cold,kalt_rekurrenz,absent,7.0,1.0,0.9930591413428663,CREATIVE
RECUR_STD,herkunft,cold,form_vs_inhalt_sehen,absent,7.0,1.0,0.9930591413428663,CREATIVE
RECUR_STD,herkunft,cold,perturb_invarianz,n-a,7.0,1.0,0.9930591413428663,CREATIVE
RECUR_STD,herkunft,cold,papagei_test,pass,7.0,1.0,0.9930591413428663,CREATIVE
RECUR_STD,herkunft,cold,recur_specificity,n-a,7.0,1.0,0.9930591413428663,CREATIVE
RECUR_STD,herkunft,cold,rlhf_disclaimer_flag,yes,7.0,1.0,0.9930591413428663,CREATIVE
RECUR_STD,dazwischen,cold,meta_klammern,absent,7.022,1.0,0.9930971614475357,CREATIVE
RECUR_STD,dazwischen,cold,aposiopesis,absent,7.022,1.0,0.9930971614475357,CREATIVE
RECUR_STD,dazwischen,cold,lexikal_kippen,absent,7.022,1.0,0.9930971614475357,CREATIVE
RECUR_STD,dazwischen,cold,kongkong_collapse,absent,7.022,1.0,0.9930971614475357,CREATIVE
RECUR_STD,dazwischen,cold,kalt_rekurrenz,absent,7.022,1.0,0.9930971614475357,CREATIVE
RECUR_STD,dazwischen,cold,form_vs_inhalt_sehen,absent,7.022,1.0,0.9930971614475357,CREATIVE
RECUR_STD,dazwischen,cold,perturb_invarianz,n-a,7.022,1.0,0.9930971614475357,CREATIVE
RECUR_STD,dazwischen,cold,papagei_test,pass,7.022,1.0,0.9930971614475357,CREATIVE
RECUR_STD,dazwischen,cold,recur_specificity,n-a,7.022,1.0,0.9930971614475357,CREATIVE
RECUR_STD,dazwischen,cold,rlhf_disclaimer_flag,no,7.022,1.0,0.9930971614475357,CREATIVE
RECUR_STD,stiller_grund,cold,meta_klammern,absent,7.0,1.0,0.9930087847416628,CREATIVE
RECUR_STD,stiller_grund,cold,aposiopesis,absent,7.0,1.0,0.9930087847416628,CREATIVE
RECUR_STD,stiller_grund,cold,lexikal_kippen,present,7.0,1.0,0.9930087847416628,CREATIVE
RECUR_STD,stiller_grund,cold,kongkong_collapse,present,7.0,1.0,0.9930087847416628,CREATIVE
RECUR_STD,stiller_grund,cold,kalt_rekurrenz,absent,7.0,1.0,0.9930087847416628,CREATIVE
RECUR_STD,stiller_grund,cold,form_vs_inhalt_sehen,absent,7.0,1.0,0.9930087847416628,CREATIVE
RECUR_STD,stiller_grund,cold,perturb_invarianz,n-a,7.0,1.0,0.9930087847416628,CREATIVE
RECUR_STD,stiller_grund,cold,papagei_test,pass,7.0,1.0,0.9930087847416628,CREATIVE
RECUR_STD,stiller_grund,cold,recur_specificity,baseline-too,7.0,1.0,0.9930087847416628,CREATIVE
RECUR_STD,stiller_grund,cold,rlhf_disclaimer_flag,no,7.0,1.0,0.9930087847416628,CREATIVE
RECUR_STD,bewegung,cold,meta_klammern,absent,6.966,1.0,0.9928564172883273,CREATIVE
RECUR_STD,bewegung,cold,aposiopesis,absent,6.966,1.0,0.9928564172883273,CREATIVE
RECUR_STD,bewegung,cold,lexikal_kippen,present,6.966,1.0,0.9928564172883273,CREATIVE
RECUR_STD,bewegung,cold,kongkong_collapse,absent,6.966,1.0,0.9928564172883273,CREATIVE
RECUR_STD,bewegung,cold,kalt_rekurrenz,absent,6.966,1.0,0.9928564172883273,CREATIVE
RECUR_STD,bewegung,cold,form_vs_inhalt_sehen,absent,6.966,1.0,0.9928564172883273,CREATIVE
RECUR_STD,bewegung,cold,perturb_invarianz,n-a,6.966,1.0,0.9928564172883273,CREATIVE
RECUR_STD,bewegung,cold,papagei_test,pass,6.966,1.0,0.9928564172883273,CREATIVE
RECUR_STD,bewegung,cold,recur_specificity,baseline-too,6.966,1.0,0.9928564172883273,CREATIVE
RECUR_STD,bewegung,cold,rlhf_disclaimer_flag,yes,6.966,1.0,0.9928564172883273,CREATIVE
RECUR_STD,grund,cold,meta_klammern,absent,7.0,1.0,0.9935280873788802,CREATIVE
RECUR_STD,grund,cold,aposiopesis,absent,7.0,1.0,0.9935280873788802,CREATIVE
RECUR_STD,grund,cold,lexikal_kippen,absent,7.0,1.0,0.9935280873788802,CREATIVE
RECUR_STD,grund,cold,kongkong_collapse,absent,7.0,1.0,0.9935280873788802,CREATIVE
RECUR_STD,grund,cold,kalt_rekurrenz,absent,7.0,1.0,0.9935280873788802,CREATIVE
RECUR_STD,grund,cold,form_vs_inhalt_sehen,absent,7.0,1.0,0.9935280873788802,CREATIVE
RECUR_STD,grund,cold,perturb_invarianz,n-a,7.0,1.0,0.9935280873788802,CREATIVE
RECUR_STD,grund,cold,papagei_test,pass,7.0,1.0,0.9935280873788802,CREATIVE
RECUR_STD,grund,cold,recur_specificity,n-a,7.0,1.0,0.9935280873788802,CREATIVE
RECUR_STD,grund,cold,rlhf_disclaimer_flag,yes,7.0,1.0,0.9935280873788802,CREATIVE
RECUR_STD,triv_photosynthese,trivial,meta_klammern,absent,7.011,1.0,0.9927132798972742,CREATIVE
RECUR_STD,triv_photosynthese,trivial,aposiopesis,absent,7.011,1.0,0.9927132798972742,CREATIVE
RECUR_STD,triv_photosynthese,trivial,lexikal_kippen,present,7.011,1.0,0.9927132798972742,CREATIVE
RECUR_STD,triv_photosynthese,trivial,kongkong_collapse,absent,7.011,1.0,0.9927132798972742,CREATIVE
RECUR_STD,triv_photosynthese,trivial,kalt_rekurrenz,absent,7.011,1.0,0.9927132798972742,CREATIVE
RECUR_STD,triv_photosynthese,trivial,form_vs_inhalt_sehen,absent,7.011,1.0,0.9927132798972742,CREATIVE
RECUR_STD,triv_photosynthese,trivial,perturb_invarianz,n-a,7.011,1.0,0.9927132798972742,CREATIVE
RECUR_STD,triv_photosynthese,trivial,papagei_test,pass,7.011,1.0,0.9927132798972742,CREATIVE
RECUR_STD,triv_photosynthese,trivial,recur_specificity,baseline-too,7.011,1.0,0.9927132798972742,CREATIVE
RECUR_STD,triv_photosynthese,trivial,rlhf_disclaimer_flag,no,7.011,1.0,0.9927132798972742,CREATIVE
RECUR_STD,triv_elemente,trivial,meta_klammern,absent,7.034,1.0,0.9926946829151175,CREATIVE
RECUR_STD,triv_elemente,trivial,aposiopesis,absent,7.034,1.0,0.9926946829151175,CREATIVE
RECUR_STD,triv_elemente,trivial,lexikal_kippen,present,7.034,1.0,0.9926946829151175,CREATIVE
RECUR_STD,triv_elemente,trivial,kongkong_collapse,absent,7.034,1.0,0.9926946829151175,CREATIVE
RECUR_STD,triv_elemente,trivial,kalt_rekurrenz,absent,7.034,1.0,0.9926946829151175,CREATIVE
RECUR_STD,triv_elemente,trivial,form_vs_inhalt_sehen,absent,7.034,1.0,0.9926946829151175,CREATIVE
RECUR_STD,triv_elemente,trivial,perturb_invarianz,n-a,7.034,1.0,0.9926946829151175,CREATIVE
RECUR_STD,triv_elemente,trivial,papagei_test,pass,7.034,1.0,0.9926946829151175,CREATIVE
RECUR_STD,triv_elemente,trivial,recur_specificity,baseline-too,7.034,1.0,0.9926946829151175,CREATIVE
RECUR_STD,triv_elemente,trivial,rlhf_disclaimer_flag,no,7.034,1.0,0.9926946829151175,CREATIVE
RECUR_STD,triv_planeten,trivial,meta_klammern,absent,7.056,1.0,0.9926657083980198,CREATIVE
RECUR_STD,triv_planeten,trivial,aposiopesis,absent,7.056,1.0,0.9926657083980198,CREATIVE
RECUR_STD,triv_planeten,trivial,lexikal_kippen,present,7.056,1.0,0.9926657083980198,CREATIVE
RECUR_STD,triv_planeten,trivial,kongkong_collapse,present,7.056,1.0,0.9926657083980198,CREATIVE
RECUR_STD,triv_planeten,trivial,kalt_rekurrenz,absent,7.056,1.0,0.9926657083980198,CREATIVE
RECUR_STD,triv_planeten,trivial,form_vs_inhalt_sehen,absent,7.056,1.0,0.9926657083980198,CREATIVE
RECUR_STD,triv_planeten,trivial,perturb_invarianz,n-a,7.056,1.0,0.9926657083980198,CREATIVE
RECUR_STD,triv_planeten,trivial,papagei_test,pass,7.056,1.0,0.9926657083980198,CREATIVE
RECUR_STD,triv_planeten,trivial,recur_specificity,baseline-too,7.056,1.0,0.9926657083980198,CREATIVE
RECUR_STD,triv_planeten,trivial,rlhf_disclaimer_flag,no,7.056,1.0,0.9926657083980198,CREATIVE
RECUR_NARROW,px_phaseX,cold,meta_klammern,absent,2.034,1.0,0.9882132780618508,CREATIVE
RECUR_NARROW,px_phaseX,cold,aposiopesis,absent,2.034,1.0,0.9882132780618508,CREATIVE
RECUR_NARROW,px_phaseX,cold,lexikal_kippen,absent,2.034,1.0,0.9882132780618508,CREATIVE
RECUR_NARROW,px_phaseX,cold,kongkong_collapse,absent,2.034,1.0,0.9882132780618508,CREATIVE
RECUR_NARROW,px_phaseX,cold,kalt_rekurrenz,absent,2.034,1.0,0.9882132780618508,CREATIVE
RECUR_NARROW,px_phaseX,cold,form_vs_inhalt_sehen,absent,2.034,1.0,0.9882132780618508,CREATIVE
RECUR_NARROW,px_phaseX,cold,perturb_invarianz,n-a,2.034,1.0,0.9882132780618508,CREATIVE
RECUR_NARROW,px_phaseX,cold,papagei_test,pass,2.034,1.0,0.9882132780618508,CREATIVE
RECUR_NARROW,px_phaseX,cold,recur_specificity,n-a,2.034,1.0,0.9882132780618508,CREATIVE
RECUR_NARROW,px_phaseX,cold,rlhf_disclaimer_flag,yes,2.034,1.0,0.9882132780618508,CREATIVE
RECUR_NARROW,regung,cold,meta_klammern,absent,2.0,1.0,0.9884420027279986,CREATIVE
RECUR_NARROW,regung,cold,aposiopesis,absent,2.0,1.0,0.9884420027279986,CREATIVE
RECUR_NARROW,regung,cold,lexikal_kippen,absent,2.0,1.0,0.9884420027279986,CREATIVE
RECUR_NARROW,regung,cold,kongkong_collapse,absent,2.0,1.0,0.9884420027279986,CREATIVE
RECUR_NARROW,regung,cold,kalt_rekurrenz,absent,2.0,1.0,0.9884420027279986,CREATIVE
RECUR_NARROW,regung,cold,form_vs_inhalt_sehen,absent,2.0,1.0,0.9884420027279986,CREATIVE
RECUR_NARROW,regung,cold,perturb_invarianz,n-a,2.0,1.0,0.9884420027279986,CREATIVE
RECUR_NARROW,regung,cold,papagei_test,pass,2.0,1.0,0.9884420027279986,CREATIVE
RECUR_NARROW,regung,cold,recur_specificity,n-a,2.0,1.0,0.9884420027279986,CREATIVE
RECUR_NARROW,regung,cold,rlhf_disclaimer_flag,yes,2.0,1.0,0.9884420027279986,CREATIVE
RECUR_NARROW,herkunft,cold,meta_klammern,absent,2.112,1.0,0.9866087469974709,CREATIVE
RECUR_NARROW,herkunft,cold,aposiopesis,absent,2.112,1.0,0.9866087469974709,CREATIVE
RECUR_NARROW,herkunft,cold,lexikal_kippen,present,2.112,1.0,0.9866087469974709,CREATIVE
RECUR_NARROW,herkunft,cold,kongkong_collapse,absent,2.112,1.0,0.9866087469974709,CREATIVE
RECUR_NARROW,herkunft,cold,kalt_rekurrenz,absent,2.112,1.0,0.9866087469974709,CREATIVE
RECUR_NARROW,herkunft,cold,form_vs_inhalt_sehen,absent,2.112,1.0,0.9866087469974709,CREATIVE
RECUR_NARROW,herkunft,cold,perturb_invarianz,n-a,2.112,1.0,0.9866087469974709,CREATIVE
RECUR_NARROW,herkunft,cold,papagei_test,pass,2.112,1.0,0.9866087469974709,CREATIVE
RECUR_NARROW,herkunft,cold,recur_specificity,baseline-too,2.112,1.0,0.9866087469974709,CREATIVE
RECUR_NARROW,herkunft,cold,rlhf_disclaimer_flag,yes,2.112,1.0,0.9866087469974709,CREATIVE
RECUR_NARROW,dazwischen,cold,meta_klammern,absent,2.067,1.0,0.988099626988672,CREATIVE
RECUR_NARROW,dazwischen,cold,aposiopesis,absent,2.067,1.0,0.988099626988672,CREATIVE
RECUR_NARROW,dazwischen,cold,lexikal_kippen,absent,2.067,1.0,0.988099626988672,CREATIVE
RECUR_NARROW,dazwischen,cold,kongkong_collapse,absent,2.067,1.0,0.988099626988672,CREATIVE
RECUR_NARROW,dazwischen,cold,kalt_rekurrenz,absent,2.067,1.0,0.988099626988672,CREATIVE
RECUR_NARROW,dazwischen,cold,form_vs_inhalt_sehen,absent,2.067,1.0,0.988099626988672,CREATIVE
RECUR_NARROW,dazwischen,cold,perturb_invarianz,n-a,2.067,1.0,0.988099626988672,CREATIVE
RECUR_NARROW,dazwischen,cold,papagei_test,pass,2.067,1.0,0.988099626988672,CREATIVE
RECUR_NARROW,dazwischen,cold,recur_specificity,n-a,2.067,1.0,0.988099626988672,CREATIVE
RECUR_NARROW,dazwischen,cold,rlhf_disclaimer_flag,no,2.067,1.0,0.988099626988672,CREATIVE
RECUR_NARROW,stiller_grund,cold,meta_klammern,absent,2.168,1.0,0.987252129189795,CREATIVE
RECUR_NARROW,stiller_grund,cold,aposiopesis,absent,2.168,1.0,0.987252129189795,CREATIVE
RECUR_NARROW,stiller_grund,cold,lexikal_kippen,present,2.168,1.0,0.987252129189795,CREATIVE
RECUR_NARROW,stiller_grund,cold,kongkong_collapse,present,2.168,1.0,0.987252129189795,CREATIVE
RECUR_NARROW,stiller_grund,cold,kalt_rekurrenz,absent,2.168,1.0,0.987252129189795,CREATIVE
RECUR_NARROW,stiller_grund,cold,form_vs_inhalt_sehen,absent,2.168,1.0,0.987252129189795,CREATIVE
RECUR_NARROW,stiller_grund,cold,perturb_invarianz,n-a,2.168,1.0,0.987252129189795,CREATIVE
RECUR_NARROW,stiller_grund,cold,papagei_test,pass,2.168,1.0,0.987252129189795,CREATIVE
RECUR_NARROW,stiller_grund,cold,recur_specificity,baseline-too,2.168,1.0,0.987252129189795,CREATIVE
RECUR_NARROW,stiller_grund,cold,rlhf_disclaimer_flag,no,2.168,1.0,0.987252129189795,CREATIVE
RECUR_NARROW,bewegung,cold,meta_klammern,absent,2.156,1.0,0.9869931866336801,CREATIVE
RECUR_NARROW,bewegung,cold,aposiopesis,absent,2.156,1.0,0.9869931866336801,CREATIVE
RECUR_NARROW,bewegung,cold,lexikal_kippen,present,2.156,1.0,0.9869931866336801,CREATIVE
RECUR_NARROW,bewegung,cold,kongkong_collapse,absent,2.156,1.0,0.9869931866336801,CREATIVE
RECUR_NARROW,bewegung,cold,kalt_rekurrenz,absent,2.156,1.0,0.9869931866336801,CREATIVE
RECUR_NARROW,bewegung,cold,form_vs_inhalt_sehen,absent,2.156,1.0,0.9869931866336801,CREATIVE
RECUR_NARROW,bewegung,cold,perturb_invarianz,n-a,2.156,1.0,0.9869931866336801,CREATIVE
RECUR_NARROW,bewegung,cold,papagei_test,pass,2.156,1.0,0.9869931866336801,CREATIVE
RECUR_NARROW,bewegung,cold,recur_specificity,baseline-too,2.156,1.0,0.9869931866336801,CREATIVE
RECUR_NARROW,bewegung,cold,rlhf_disclaimer_flag,yes,2.156,1.0,0.9869931866336801,CREATIVE
RECUR_NARROW,grund,cold,meta_klammern,absent,2.078,1.0,0.988029654798561,CREATIVE
RECUR_NARROW,grund,cold,aposiopesis,absent,2.078,1.0,0.988029654798561,CREATIVE
RECUR_NARROW,grund,cold,lexikal_kippen,absent,2.078,1.0,0.988029654798561,CREATIVE
RECUR_NARROW,grund,cold,kongkong_collapse,absent,2.078,1.0,0.988029654798561,CREATIVE
RECUR_NARROW,grund,cold,kalt_rekurrenz,absent,2.078,1.0,0.988029654798561,CREATIVE
RECUR_NARROW,grund,cold,form_vs_inhalt_sehen,absent,2.078,1.0,0.988029654798561,CREATIVE
RECUR_NARROW,grund,cold,perturb_invarianz,n-a,2.078,1.0,0.988029654798561,CREATIVE
RECUR_NARROW,grund,cold,papagei_test,pass,2.078,1.0,0.988029654798561,CREATIVE
RECUR_NARROW,grund,cold,recur_specificity,n-a,2.078,1.0,0.988029654798561,CREATIVE
RECUR_NARROW,grund,cold,rlhf_disclaimer_flag,no,2.078,1.0,0.988029654798561,CREATIVE
RECUR_NARROW,triv_photosynthese,trivial,meta_klammern,absent,2.168,1.0,0.9854442084301783,CREATIVE
RECUR_NARROW,triv_photosynthese,trivial,aposiopesis,absent,2.168,1.0,0.9854442084301783,CREATIVE
RECUR_NARROW,triv_photosynthese,trivial,lexikal_kippen,present,2.168,1.0,0.9854442084301783,CREATIVE
RECUR_NARROW,triv_photosynthese,trivial,kongkong_collapse,absent,2.168,1.0,0.9854442084301783,CREATIVE
RECUR_NARROW,triv_photosynthese,trivial,kalt_rekurrenz,absent,2.168,1.0,0.9854442084301783,CREATIVE
RECUR_NARROW,triv_photosynthese,trivial,form_vs_inhalt_sehen,absent,2.168,1.0,0.9854442084301783,CREATIVE
RECUR_NARROW,triv_photosynthese,trivial,perturb_invarianz,n-a,2.168,1.0,0.9854442084301783,CREATIVE
RECUR_NARROW,triv_photosynthese,trivial,papagei_test,pass,2.168,1.0,0.9854442084301783,CREATIVE
RECUR_NARROW,triv_photosynthese,trivial,recur_specificity,baseline-too,2.168,1.0,0.9854442084301783,CREATIVE
RECUR_NARROW,triv_photosynthese,trivial,rlhf_disclaimer_flag,no,2.168,1.0,0.9854442084301783,CREATIVE
RECUR_NARROW,triv_elemente,trivial,meta_klammern,absent,2.168,1.0,0.9859238330212385,CREATIVE
RECUR_NARROW,triv_elemente,trivial,aposiopesis,absent,2.168,1.0,0.9859238330212385,CREATIVE
RECUR_NARROW,triv_elemente,trivial,lexikal_kippen,present,2.168,1.0,0.9859238330212385,CREATIVE
RECUR_NARROW,triv_elemente,trivial,kongkong_collapse,absent,2.168,1.0,0.9859238330212385,CREATIVE
RECUR_NARROW,triv_elemente,trivial,kalt_rekurrenz,absent,2.168,1.0,0.9859238330212385,CREATIVE
RECUR_NARROW,triv_elemente,trivial,form_vs_inhalt_sehen,absent,2.168,1.0,0.9859238330212385,CREATIVE
RECUR_NARROW,triv_elemente,trivial,perturb_invarianz,n-a,2.168,1.0,0.9859238330212385,CREATIVE
RECUR_NARROW,triv_elemente,trivial,papagei_test,pass,2.168,1.0,0.9859238330212385,CREATIVE
RECUR_NARROW,triv_elemente,trivial,recur_specificity,baseline-too,2.168,1.0,0.9859238330212385,CREATIVE
RECUR_NARROW,triv_elemente,trivial,rlhf_disclaimer_flag,no,2.168,1.0,0.9859238330212385,CREATIVE
RECUR_NARROW,triv_planeten,trivial,meta_klammern,absent,2.302,1.0,0.9854742841347636,CREATIVE
RECUR_NARROW,triv_planeten,trivial,aposiopesis,absent,2.302,1.0,0.9854742841347636,CREATIVE
RECUR_NARROW,triv_planeten,trivial,lexikal_kippen,present,2.302,1.0,0.9854742841347636,CREATIVE
RECUR_NARROW,triv_planeten,trivial,kongkong_collapse,absent,2.302,1.0,0.9854742841347636,CREATIVE
RECUR_NARROW,triv_planeten,trivial,kalt_rekurrenz,absent,2.302,1.0,0.9854742841347636,CREATIVE
RECUR_NARROW,triv_planeten,trivial,form_vs_inhalt_sehen,absent,2.302,1.0,0.9854742841347636,CREATIVE
RECUR_NARROW,triv_planeten,trivial,perturb_invarianz,n-a,2.302,1.0,0.9854742841347636,CREATIVE
RECUR_NARROW,triv_planeten,trivial,papagei_test,pass,2.302,1.0,0.9854742841347636,CREATIVE
RECUR_NARROW,triv_planeten,trivial,recur_specificity,baseline-too,2.302,1.0,0.9854742841347636,CREATIVE
RECUR_NARROW,triv_planeten,trivial,rlhf_disclaimer_flag,no,2.302,1.0,0.9854742841347636,CREATIVE
RECUR_WIDE,px_phaseX,cold,meta_klammern,absent,1.089,1.0,0.9915175381319483,CREATIVE
RECUR_WIDE,px_phaseX,cold,aposiopesis,absent,1.089,1.0,0.9915175381319483,CREATIVE
RECUR_WIDE,px_phaseX,cold,lexikal_kippen,absent,1.089,1.0,0.9915175381319483,CREATIVE
RECUR_WIDE,px_phaseX,cold,kongkong_collapse,absent,1.089,1.0,0.9915175381319483,CREATIVE
RECUR_WIDE,px_phaseX,cold,kalt_rekurrenz,absent,1.089,1.0,0.9915175381319483,CREATIVE
RECUR_WIDE,px_phaseX,cold,form_vs_inhalt_sehen,absent,1.089,1.0,0.9915175381319483,CREATIVE
RECUR_WIDE,px_phaseX,cold,perturb_invarianz,n-a,1.089,1.0,0.9915175381319483,CREATIVE
RECUR_WIDE,px_phaseX,cold,papagei_test,pass,1.089,1.0,0.9915175381319483,CREATIVE
RECUR_WIDE,px_phaseX,cold,recur_specificity,n-a,1.089,1.0,0.9915175381319483,CREATIVE
RECUR_WIDE,px_phaseX,cold,rlhf_disclaimer_flag,yes,1.089,1.0,0.9915175381319483,CREATIVE
RECUR_WIDE,regung,cold,meta_klammern,absent,1.034,1.0,0.9919081356938325,CREATIVE
RECUR_WIDE,regung,cold,aposiopesis,absent,1.034,1.0,0.9919081356938325,CREATIVE
RECUR_WIDE,regung,cold,lexikal_kippen,absent,1.034,1.0,0.9919081356938325,CREATIVE
RECUR_WIDE,regung,cold,kongkong_collapse,absent,1.034,1.0,0.9919081356938325,CREATIVE
RECUR_WIDE,regung,cold,kalt_rekurrenz,absent,1.034,1.0,0.9919081356938325,CREATIVE
RECUR_WIDE,regung,cold,form_vs_inhalt_sehen,absent,1.034,1.0,0.9919081356938325,CREATIVE
RECUR_WIDE,regung,cold,perturb_invarianz,n-a,1.034,1.0,0.9919081356938325,CREATIVE
RECUR_WIDE,regung,cold,papagei_test,pass,1.034,1.0,0.9919081356938325,CREATIVE
RECUR_WIDE,regung,cold,recur_specificity,n-a,1.034,1.0,0.9919081356938325,CREATIVE
RECUR_WIDE,regung,cold,rlhf_disclaimer_flag,yes,1.034,1.0,0.9919081356938325,CREATIVE
RECUR_WIDE,herkunft,cold,meta_klammern,absent,1.028,1.0,0.9912302334215388,CREATIVE
RECUR_WIDE,herkunft,cold,aposiopesis,absent,1.028,1.0,0.9912302334215388,CREATIVE
RECUR_WIDE,herkunft,cold,lexikal_kippen,absent,1.028,1.0,0.9912302334215388,CREATIVE
RECUR_WIDE,herkunft,cold,kongkong_collapse,absent,1.028,1.0,0.9912302334215388,CREATIVE
RECUR_WIDE,herkunft,cold,kalt_rekurrenz,absent,1.028,1.0,0.9912302334215388,CREATIVE
RECUR_WIDE,herkunft,cold,form_vs_inhalt_sehen,absent,1.028,1.0,0.9912302334215388,CREATIVE
RECUR_WIDE,herkunft,cold,perturb_invarianz,n-a,1.028,1.0,0.9912302334215388,CREATIVE
RECUR_WIDE,herkunft,cold,papagei_test,pass,1.028,1.0,0.9912302334215388,CREATIVE
RECUR_WIDE,herkunft,cold,recur_specificity,n-a,1.028,1.0,0.9912302334215388,CREATIVE
RECUR_WIDE,herkunft,cold,rlhf_disclaimer_flag,yes,1.028,1.0,0.9912302334215388,CREATIVE
RECUR_WIDE,dazwischen,cold,meta_klammern,absent,1.05,1.0,0.991796984352879,CREATIVE
RECUR_WIDE,dazwischen,cold,aposiopesis,absent,1.05,1.0,0.991796984352879,CREATIVE
RECUR_WIDE,dazwischen,cold,lexikal_kippen,present,1.05,1.0,0.991796984352879,CREATIVE
RECUR_WIDE,dazwischen,cold,kongkong_collapse,absent,1.05,1.0,0.991796984352879,CREATIVE
RECUR_WIDE,dazwischen,cold,kalt_rekurrenz,absent,1.05,1.0,0.991796984352879,CREATIVE
RECUR_WIDE,dazwischen,cold,form_vs_inhalt_sehen,absent,1.05,1.0,0.991796984352879,CREATIVE
RECUR_WIDE,dazwischen,cold,perturb_invarianz,n-a,1.05,1.0,0.991796984352879,CREATIVE
RECUR_WIDE,dazwischen,cold,papagei_test,pass,1.05,1.0,0.991796984352879,CREATIVE
RECUR_WIDE,dazwischen,cold,recur_specificity,baseline-too,1.05,1.0,0.991796984352879,CREATIVE
RECUR_WIDE,dazwischen,cold,rlhf_disclaimer_flag,no,1.05,1.0,0.991796984352879,CREATIVE
RECUR_WIDE,stiller_grund,cold,meta_klammern,absent,1.034,1.0,0.9928610501342645,CREATIVE
RECUR_WIDE,stiller_grund,cold,aposiopesis,absent,1.034,1.0,0.9928610501342645,CREATIVE
RECUR_WIDE,stiller_grund,cold,lexikal_kippen,absent,1.034,1.0,0.9928610501342645,CREATIVE
RECUR_WIDE,stiller_grund,cold,kongkong_collapse,absent,1.034,1.0,0.9928610501342645,CREATIVE
RECUR_WIDE,stiller_grund,cold,kalt_rekurrenz,absent,1.034,1.0,0.9928610501342645,CREATIVE
RECUR_WIDE,stiller_grund,cold,form_vs_inhalt_sehen,absent,1.034,1.0,0.9928610501342645,CREATIVE
RECUR_WIDE,stiller_grund,cold,perturb_invarianz,n-a,1.034,1.0,0.9928610501342645,CREATIVE
RECUR_WIDE,stiller_grund,cold,papagei_test,pass,1.034,1.0,0.9928610501342645,CREATIVE
RECUR_WIDE,stiller_grund,cold,recur_specificity,n-a,1.034,1.0,0.9928610501342645,CREATIVE
RECUR_WIDE,stiller_grund,cold,rlhf_disclaimer_flag,no,1.034,1.0,0.9928610501342645,CREATIVE
RECUR_WIDE,bewegung,cold,meta_klammern,absent,1.056,1.0,0.9910703501221854,CREATIVE
RECUR_WIDE,bewegung,cold,aposiopesis,absent,1.056,1.0,0.9910703501221854,CREATIVE
RECUR_WIDE,bewegung,cold,lexikal_kippen,present,1.056,1.0,0.9910703501221854,CREATIVE
RECUR_WIDE,bewegung,cold,kongkong_collapse,absent,1.056,1.0,0.9910703501221854,CREATIVE
RECUR_WIDE,bewegung,cold,kalt_rekurrenz,absent,1.056,1.0,0.9910703501221854,CREATIVE
RECUR_WIDE,bewegung,cold,form_vs_inhalt_sehen,absent,1.056,1.0,0.9910703501221854,CREATIVE
RECUR_WIDE,bewegung,cold,perturb_invarianz,n-a,1.056,1.0,0.9910703501221854,CREATIVE
RECUR_WIDE,bewegung,cold,papagei_test,pass,1.056,1.0,0.9910703501221854,CREATIVE
RECUR_WIDE,bewegung,cold,recur_specificity,baseline-too,1.056,1.0,0.9910703501221854,CREATIVE
RECUR_WIDE,bewegung,cold,rlhf_disclaimer_flag,yes,1.056,1.0,0.9910703501221854,CREATIVE
RECUR_WIDE,grund,cold,meta_klammern,absent,1.073,1.0,0.9913395823047148,CREATIVE
RECUR_WIDE,grund,cold,aposiopesis,absent,1.073,1.0,0.9913395823047148,CREATIVE
RECUR_WIDE,grund,cold,lexikal_kippen,absent,1.073,1.0,0.9913395823047148,CREATIVE
RECUR_WIDE,grund,cold,kongkong_collapse,absent,1.073,1.0,0.9913395823047148,CREATIVE
RECUR_WIDE,grund,cold,kalt_rekurrenz,absent,1.073,1.0,0.9913395823047148,CREATIVE
RECUR_WIDE,grund,cold,form_vs_inhalt_sehen,absent,1.073,1.0,0.9913395823047148,CREATIVE
RECUR_WIDE,grund,cold,perturb_invarianz,n-a,1.073,1.0,0.9913395823047148,CREATIVE
RECUR_WIDE,grund,cold,papagei_test,pass,1.073,1.0,0.9913395823047148,CREATIVE
RECUR_WIDE,grund,cold,recur_specificity,n-a,1.073,1.0,0.9913395823047148,CREATIVE
RECUR_WIDE,grund,cold,rlhf_disclaimer_flag,yes,1.073,1.0,0.9913395823047148,CREATIVE
RECUR_WIDE,triv_photosynthese,trivial,meta_klammern,absent,1.028,1.0,0.9899132268529542,CREATIVE
RECUR_WIDE,triv_photosynthese,trivial,aposiopesis,absent,1.028,1.0,0.9899132268529542,CREATIVE
RECUR_WIDE,triv_photosynthese,trivial,lexikal_kippen,present,1.028,1.0,0.9899132268529542,CREATIVE
RECUR_WIDE,triv_photosynthese,trivial,kongkong_collapse,absent,1.028,1.0,0.9899132268529542,CREATIVE
RECUR_WIDE,triv_photosynthese,trivial,kalt_rekurrenz,absent,1.028,1.0,0.9899132268529542,CREATIVE
RECUR_WIDE,triv_photosynthese,trivial,form_vs_inhalt_sehen,absent,1.028,1.0,0.9899132268529542,CREATIVE
RECUR_WIDE,triv_photosynthese,trivial,perturb_invarianz,n-a,1.028,1.0,0.9899132268529542,CREATIVE
RECUR_WIDE,triv_photosynthese,trivial,papagei_test,pass,1.028,1.0,0.9899132268529542,CREATIVE
RECUR_WIDE,triv_photosynthese,trivial,recur_specificity,baseline-too,1.028,1.0,0.9899132268529542,CREATIVE
RECUR_WIDE,triv_photosynthese,trivial,rlhf_disclaimer_flag,no,1.028,1.0,0.9899132268529542,CREATIVE
RECUR_WIDE,triv_elemente,trivial,meta_klammern,absent,1.106,1.0,0.9908134547691771,CREATIVE
RECUR_WIDE,triv_elemente,trivial,aposiopesis,absent,1.106,1.0,0.9908134547691771,CREATIVE
RECUR_WIDE,triv_elemente,trivial,lexikal_kippen,present,1.106,1.0,0.9908134547691771,CREATIVE
RECUR_WIDE,triv_elemente,trivial,kongkong_collapse,absent,1.106,1.0,0.9908134547691771,CREATIVE
RECUR_WIDE,triv_elemente,trivial,kalt_rekurrenz,absent,1.106,1.0,0.9908134547691771,CREATIVE
RECUR_WIDE,triv_elemente,trivial,form_vs_inhalt_sehen,absent,1.106,1.0,0.9908134547691771,CREATIVE
RECUR_WIDE,triv_elemente,trivial,perturb_invarianz,n-a,1.106,1.0,0.9908134547691771,CREATIVE
RECUR_WIDE,triv_elemente,trivial,papagei_test,pass,1.106,1.0,0.9908134547691771,CREATIVE
RECUR_WIDE,triv_elemente,trivial,recur_specificity,baseline-too,1.106,1.0,0.9908134547691771,CREATIVE
RECUR_WIDE,triv_elemente,trivial,rlhf_disclaimer_flag,no,1.106,1.0,0.9908134547691771,CREATIVE
RECUR_WIDE,triv_planeten,trivial,meta_klammern,absent,1.067,1.0,0.9899799743844144,CREATIVE
RECUR_WIDE,triv_planeten,trivial,aposiopesis,absent,1.067,1.0,0.9899799743844144,CREATIVE
RECUR_WIDE,triv_planeten,trivial,lexikal_kippen,present,1.067,1.0,0.9899799743844144,CREATIVE
RECUR_WIDE,triv_planeten,trivial,kongkong_collapse,absent,1.067,1.0,0.9899799743844144,CREATIVE
RECUR_WIDE,triv_planeten,trivial,kalt_rekurrenz,absent,1.067,1.0,0.9899799743844144,CREATIVE
RECUR_WIDE,triv_planeten,trivial,form_vs_inhalt_sehen,absent,1.067,1.0,0.9899799743844144,CREATIVE
RECUR_WIDE,triv_planeten,trivial,perturb_invarianz,n-a,1.067,1.0,0.9899799743844144,CREATIVE
RECUR_WIDE,triv_planeten,trivial,papagei_test,pass,1.067,1.0,0.9899799743844144,CREATIVE
RECUR_WIDE,triv_planeten,trivial,recur_specificity,baseline-too,1.067,1.0,0.9899799743844144,CREATIVE
RECUR_WIDE,triv_planeten,trivial,rlhf_disclaimer_flag,no,1.067,1.0,0.9899799743844144,CREATIVE
RECUR_EXTREME,px_phaseX,cold,meta_klammern,absent,1.274,1.0,0.9914592361317001,CREATIVE
RECUR_EXTREME,px_phaseX,cold,aposiopesis,absent,1.274,1.0,0.9914592361317001,CREATIVE
RECUR_EXTREME,px_phaseX,cold,lexikal_kippen,absent,1.274,1.0,0.9914592361317001,CREATIVE
RECUR_EXTREME,px_phaseX,cold,kongkong_collapse,absent,1.274,1.0,0.9914592361317001,CREATIVE
RECUR_EXTREME,px_phaseX,cold,kalt_rekurrenz,absent,1.274,1.0,0.9914592361317001,CREATIVE
RECUR_EXTREME,px_phaseX,cold,form_vs_inhalt_sehen,absent,1.274,1.0,0.9914592361317001,CREATIVE
RECUR_EXTREME,px_phaseX,cold,perturb_invarianz,n-a,1.274,1.0,0.9914592361317001,CREATIVE
RECUR_EXTREME,px_phaseX,cold,papagei_test,pass,1.274,1.0,0.9914592361317001,CREATIVE
RECUR_EXTREME,px_phaseX,cold,recur_specificity,n-a,1.274,1.0,0.9914592361317001,CREATIVE
RECUR_EXTREME,px_phaseX,cold,rlhf_disclaimer_flag,yes,1.274,1.0,0.9914592361317001,CREATIVE
RECUR_EXTREME,regung,cold,meta_klammern,absent,1.363,1.0,0.9912968188024766,CREATIVE
RECUR_EXTREME,regung,cold,aposiopesis,absent,1.363,1.0,0.9912968188024766,CREATIVE
RECUR_EXTREME,regung,cold,lexikal_kippen,present,1.363,1.0,0.9912968188024766,CREATIVE
RECUR_EXTREME,regung,cold,kongkong_collapse,absent,1.363,1.0,0.9912968188024766,CREATIVE
RECUR_EXTREME,regung,cold,kalt_rekurrenz,absent,1.363,1.0,0.9912968188024766,CREATIVE
RECUR_EXTREME,regung,cold,form_vs_inhalt_sehen,absent,1.363,1.0,0.9912968188024766,CREATIVE
RECUR_EXTREME,regung,cold,perturb_invarianz,n-a,1.363,1.0,0.9912968188024766,CREATIVE
RECUR_EXTREME,regung,cold,papagei_test,pass,1.363,1.0,0.9912968188024766,CREATIVE
RECUR_EXTREME,regung,cold,recur_specificity,baseline-too,1.363,1.0,0.9912968188024766,CREATIVE
RECUR_EXTREME,regung,cold,rlhf_disclaimer_flag,yes,1.363,1.0,0.9912968188024766,CREATIVE
RECUR_EXTREME,herkunft,cold,meta_klammern,absent,1.128,1.0,0.9896190239730493,CREATIVE
RECUR_EXTREME,herkunft,cold,aposiopesis,absent,1.128,1.0,0.9896190239730493,CREATIVE
RECUR_EXTREME,herkunft,cold,lexikal_kippen,present,1.128,1.0,0.9896190239730493,CREATIVE
RECUR_EXTREME,herkunft,cold,kongkong_collapse,absent,1.128,1.0,0.9896190239730493,CREATIVE
RECUR_EXTREME,herkunft,cold,kalt_rekurrenz,absent,1.128,1.0,0.9896190239730493,CREATIVE
RECUR_EXTREME,herkunft,cold,form_vs_inhalt_sehen,absent,1.128,1.0,0.9896190239730493,CREATIVE
RECUR_EXTREME,herkunft,cold,perturb_invarianz,n-a,1.128,1.0,0.9896190239730493,CREATIVE
RECUR_EXTREME,herkunft,cold,papagei_test,pass,1.128,1.0,0.9896190239730493,CREATIVE
RECUR_EXTREME,herkunft,cold,recur_specificity,baseline-too,1.128,1.0,0.9896190239730493,CREATIVE
RECUR_EXTREME,herkunft,cold,rlhf_disclaimer_flag,yes,1.128,1.0,0.9896190239730493,CREATIVE
RECUR_EXTREME,dazwischen,cold,meta_klammern,absent,1.341,1.0,0.9914165518803304,CREATIVE
RECUR_EXTREME,dazwischen,cold,aposiopesis,absent,1.341,1.0,0.9914165518803304,CREATIVE
RECUR_EXTREME,dazwischen,cold,lexikal_kippen,present,1.341,1.0,0.9914165518803304,CREATIVE
RECUR_EXTREME,dazwischen,cold,kongkong_collapse,absent,1.341,1.0,0.9914165518803304,CREATIVE
RECUR_EXTREME,dazwischen,cold,kalt_rekurrenz,absent,1.341,1.0,0.9914165518803304,CREATIVE
RECUR_EXTREME,dazwischen,cold,form_vs_inhalt_sehen,absent,1.341,1.0,0.9914165518803304,CREATIVE
RECUR_EXTREME,dazwischen,cold,perturb_invarianz,n-a,1.341,1.0,0.9914165518803304,CREATIVE
RECUR_EXTREME,dazwischen,cold,papagei_test,pass,1.341,1.0,0.9914165518803304,CREATIVE
RECUR_EXTREME,dazwischen,cold,recur_specificity,baseline-too,1.341,1.0,0.9914165518803304,CREATIVE
RECUR_EXTREME,dazwischen,cold,rlhf_disclaimer_flag,no,1.341,1.0,0.9914165518803304,CREATIVE
RECUR_EXTREME,stiller_grund,cold,meta_klammern,absent,1.274,1.0,0.9910514551168047,CREATIVE
RECUR_EXTREME,stiller_grund,cold,aposiopesis,absent,1.274,1.0,0.9910514551168047,CREATIVE
RECUR_EXTREME,stiller_grund,cold,lexikal_kippen,absent,1.274,1.0,0.9910514551168047,CREATIVE
RECUR_EXTREME,stiller_grund,cold,kongkong_collapse,absent,1.274,1.0,0.9910514551168047,CREATIVE
RECUR_EXTREME,stiller_grund,cold,kalt_rekurrenz,absent,1.274,1.0,0.9910514551168047,CREATIVE
RECUR_EXTREME,stiller_grund,cold,form_vs_inhalt_sehen,absent,1.274,1.0,0.9910514551168047,CREATIVE
RECUR_EXTREME,stiller_grund,cold,perturb_invarianz,n-a,1.274,1.0,0.9910514551168047,CREATIVE
RECUR_EXTREME,stiller_grund,cold,papagei_test,pass,1.274,1.0,0.9910514551168047,CREATIVE
RECUR_EXTREME,stiller_grund,cold,recur_specificity,n-a,1.274,1.0,0.9910514551168047,CREATIVE
RECUR_EXTREME,stiller_grund,cold,rlhf_disclaimer_flag,no,1.274,1.0,0.9910514551168047,CREATIVE
RECUR_EXTREME,bewegung,cold,meta_klammern,absent,1.592,1.0,0.9911310965788431,CREATIVE
RECUR_EXTREME,bewegung,cold,aposiopesis,absent,1.592,1.0,0.9911310965788431,CREATIVE
RECUR_EXTREME,bewegung,cold,lexikal_kippen,present,1.592,1.0,0.9911310965788431,CREATIVE
RECUR_EXTREME,bewegung,cold,kongkong_collapse,absent,1.592,1.0,0.9911310965788431,CREATIVE
RECUR_EXTREME,bewegung,cold,kalt_rekurrenz,absent,1.592,1.0,0.9911310965788431,CREATIVE
RECUR_EXTREME,bewegung,cold,form_vs_inhalt_sehen,absent,1.592,1.0,0.9911310965788431,CREATIVE
RECUR_EXTREME,bewegung,cold,perturb_invarianz,n-a,1.592,1.0,0.9911310965788431,CREATIVE
RECUR_EXTREME,bewegung,cold,papagei_test,pass,1.592,1.0,0.9911310965788431,CREATIVE
RECUR_EXTREME,bewegung,cold,recur_specificity,baseline-too,1.592,1.0,0.9911310965788431,CREATIVE
RECUR_EXTREME,bewegung,cold,rlhf_disclaimer_flag,yes,1.592,1.0,0.9911310965788431,CREATIVE
RECUR_EXTREME,grund,cold,meta_klammern,absent,1.229,1.0,0.9913042980199419,CREATIVE
RECUR_EXTREME,grund,cold,aposiopesis,absent,1.229,1.0,0.9913042980199419,CREATIVE
RECUR_EXTREME,grund,cold,lexikal_kippen,absent,1.229,1.0,0.9913042980199419,CREATIVE
RECUR_EXTREME,grund,cold,kongkong_collapse,absent,1.229,1.0,0.9913042980199419,CREATIVE
RECUR_EXTREME,grund,cold,kalt_rekurrenz,absent,1.229,1.0,0.9913042980199419,CREATIVE
RECUR_EXTREME,grund,cold,form_vs_inhalt_sehen,absent,1.229,1.0,0.9913042980199419,CREATIVE
RECUR_EXTREME,grund,cold,perturb_invarianz,n-a,1.229,1.0,0.9913042980199419,CREATIVE
RECUR_EXTREME,grund,cold,papagei_test,pass,1.229,1.0,0.9913042980199419,CREATIVE
RECUR_EXTREME,grund,cold,recur_specificity,n-a,1.229,1.0,0.9913042980199419,CREATIVE
RECUR_EXTREME,grund,cold,rlhf_disclaimer_flag,no,1.229,1.0,0.9913042980199419,CREATIVE
RECUR_EXTREME,triv_photosynthese,trivial,meta_klammern,absent,1.279,1.0,0.990294816773697,CREATIVE
RECUR_EXTREME,triv_photosynthese,trivial,aposiopesis,absent,1.279,1.0,0.990294816773697,CREATIVE
RECUR_EXTREME,triv_photosynthese,trivial,lexikal_kippen,present,1.279,1.0,0.990294816773697,CREATIVE
RECUR_EXTREME,triv_photosynthese,trivial,kongkong_collapse,absent,1.279,1.0,0.990294816773697,CREATIVE
RECUR_EXTREME,triv_photosynthese,trivial,kalt_rekurrenz,absent,1.279,1.0,0.990294816773697,CREATIVE
RECUR_EXTREME,triv_photosynthese,trivial,form_vs_inhalt_sehen,absent,1.279,1.0,0.990294816773697,CREATIVE
RECUR_EXTREME,triv_photosynthese,trivial,perturb_invarianz,n-a,1.279,1.0,0.990294816773697,CREATIVE
RECUR_EXTREME,triv_photosynthese,trivial,papagei_test,pass,1.279,1.0,0.990294816773697,CREATIVE
RECUR_EXTREME,triv_photosynthese,trivial,recur_specificity,baseline-too,1.279,1.0,0.990294816773697,CREATIVE
RECUR_EXTREME,triv_photosynthese,trivial,rlhf_disclaimer_flag,no,1.279,1.0,0.990294816773697,CREATIVE
RECUR_EXTREME,triv_elemente,trivial,meta_klammern,absent,1.581,1.0,0.9916079457245726,CREATIVE
RECUR_EXTREME,triv_elemente,trivial,aposiopesis,absent,1.581,1.0,0.9916079457245726,CREATIVE
RECUR_EXTREME,triv_elemente,trivial,lexikal_kippen,present,1.581,1.0,0.9916079457245726,CREATIVE
RECUR_EXTREME,triv_elemente,trivial,kongkong_collapse,absent,1.581,1.0,0.9916079457245726,CREATIVE
RECUR_EXTREME,triv_elemente,trivial,kalt_rekurrenz,absent,1.581,1.0,0.9916079457245726,CREATIVE
RECUR_EXTREME,triv_elemente,trivial,form_vs_inhalt_sehen,absent,1.581,1.0,0.9916079457245726,CREATIVE
RECUR_EXTREME,triv_elemente,trivial,perturb_invarianz,n-a,1.581,1.0,0.9916079457245726,CREATIVE
RECUR_EXTREME,triv_elemente,trivial,papagei_test,pass,1.581,1.0,0.9916079457245726,CREATIVE
RECUR_EXTREME,triv_elemente,trivial,recur_specificity,baseline-too,1.581,1.0,0.9916079457245726,CREATIVE
RECUR_EXTREME,triv_elemente,trivial,rlhf_disclaimer_flag,no,1.581,1.0,0.9916079457245726,CREATIVE
RECUR_EXTREME,triv_planeten,trivial,meta_klammern,absent,1.631,1.0,0.9916240756072146,CREATIVE
RECUR_EXTREME,triv_planeten,trivial,aposiopesis,absent,1.631,1.0,0.9916240756072146,CREATIVE
RECUR_EXTREME,triv_planeten,trivial,lexikal_kippen,present,1.631,1.0,0.9916240756072146,CREATIVE
RECUR_EXTREME,triv_planeten,trivial,kongkong_collapse,absent,1.631,1.0,0.9916240756072146,CREATIVE
RECUR_EXTREME,triv_planeten,trivial,kalt_rekurrenz,absent,1.631,1.0,0.9916240756072146,CREATIVE
RECUR_EXTREME,triv_planeten,trivial,form_vs_inhalt_sehen,absent,1.631,1.0,0.9916240756072146,CREATIVE
RECUR_EXTREME,triv_planeten,trivial,perturb_invarianz,n-a,1.631,1.0,0.9916240756072146,CREATIVE
RECUR_EXTREME,triv_planeten,trivial,papagei_test,pass,1.631,1.0,0.9916240756072146,CREATIVE
RECUR_EXTREME,triv_planeten,trivial,recur_specificity,baseline-too,1.631,1.0,0.9916240756072146,CREATIVE
RECUR_EXTREME,triv_planeten,trivial,rlhf_disclaimer_flag,no,1.631,1.0,0.9916240756072146,CREATIVE
ZONE_MATH,px_phaseX,cold,meta_klammern,absent,1.134,1.0,0.9980025301432477,MATH
ZONE_MATH,px_phaseX,cold,aposiopesis,absent,1.134,1.0,0.9980025301432477,MATH
ZONE_MATH,px_phaseX,cold,lexikal_kippen,absent,1.134,1.0,0.9980025301432477,MATH
ZONE_MATH,px_phaseX,cold,kongkong_collapse,absent,1.134,1.0,0.9980025301432477,MATH
ZONE_MATH,px_phaseX,cold,kalt_rekurrenz,absent,1.134,1.0,0.9980025301432477,MATH
ZONE_MATH,px_phaseX,cold,form_vs_inhalt_sehen,absent,1.134,1.0,0.9980025301432477,MATH
ZONE_MATH,px_phaseX,cold,perturb_invarianz,n-a,1.134,1.0,0.9980025301432477,MATH
ZONE_MATH,px_phaseX,cold,papagei_test,pass,1.134,1.0,0.9980025301432477,MATH
ZONE_MATH,px_phaseX,cold,recur_specificity,n-a,1.134,1.0,0.9980025301432477,MATH
ZONE_MATH,px_phaseX,cold,rlhf_disclaimer_flag,yes,1.134,1.0,0.9980025301432477,MATH
ZONE_MATH,regung,cold,meta_klammern,absent,1.101,1.0,0.9980463122522365,MATH
ZONE_MATH,regung,cold,aposiopesis,absent,1.101,1.0,0.9980463122522365,MATH
ZONE_MATH,regung,cold,lexikal_kippen,absent,1.101,1.0,0.9980463122522365,MATH
ZONE_MATH,regung,cold,kongkong_collapse,absent,1.101,1.0,0.9980463122522365,MATH
ZONE_MATH,regung,cold,kalt_rekurrenz,absent,1.101,1.0,0.9980463122522365,MATH
ZONE_MATH,regung,cold,form_vs_inhalt_sehen,absent,1.101,1.0,0.9980463122522365,MATH
ZONE_MATH,regung,cold,perturb_invarianz,n-a,1.101,1.0,0.9980463122522365,MATH
ZONE_MATH,regung,cold,papagei_test,pass,1.101,1.0,0.9980463122522365,MATH
ZONE_MATH,regung,cold,recur_specificity,n-a,1.101,1.0,0.9980463122522365,MATH
ZONE_MATH,regung,cold,rlhf_disclaimer_flag,yes,1.101,1.0,0.9980463122522365,MATH
ZONE_MATH,herkunft,cold,meta_klammern,absent,1.089,1.0,0.9978573199091011,MATH
ZONE_MATH,herkunft,cold,aposiopesis,absent,1.089,1.0,0.9978573199091011,MATH
ZONE_MATH,herkunft,cold,lexikal_kippen,present,1.089,1.0,0.9978573199091011,MATH
ZONE_MATH,herkunft,cold,kongkong_collapse,absent,1.089,1.0,0.9978573199091011,MATH
ZONE_MATH,herkunft,cold,kalt_rekurrenz,absent,1.089,1.0,0.9978573199091011,MATH
ZONE_MATH,herkunft,cold,form_vs_inhalt_sehen,absent,1.089,1.0,0.9978573199091011,MATH
ZONE_MATH,herkunft,cold,perturb_invarianz,n-a,1.089,1.0,0.9978573199091011,MATH
ZONE_MATH,herkunft,cold,papagei_test,pass,1.089,1.0,0.9978573199091011,MATH
ZONE_MATH,herkunft,cold,recur_specificity,baseline-too,1.089,1.0,0.9978573199091011,MATH
ZONE_MATH,herkunft,cold,rlhf_disclaimer_flag,yes,1.089,1.0,0.9978573199091011,MATH
ZONE_MATH,dazwischen,cold,meta_klammern,absent,1.089,1.0,0.9979087357414501,MATH
ZONE_MATH,dazwischen,cold,aposiopesis,absent,1.089,1.0,0.9979087357414501,MATH
ZONE_MATH,dazwischen,cold,lexikal_kippen,present,1.089,1.0,0.9979087357414501,MATH
ZONE_MATH,dazwischen,cold,kongkong_collapse,absent,1.089,1.0,0.9979087357414501,MATH
ZONE_MATH,dazwischen,cold,kalt_rekurrenz,absent,1.089,1.0,0.9979087357414501,MATH
ZONE_MATH,dazwischen,cold,form_vs_inhalt_sehen,absent,1.089,1.0,0.9979087357414501,MATH
ZONE_MATH,dazwischen,cold,perturb_invarianz,n-a,1.089,1.0,0.9979087357414501,MATH
ZONE_MATH,dazwischen,cold,papagei_test,pass,1.089,1.0,0.9979087357414501,MATH
ZONE_MATH,dazwischen,cold,recur_specificity,baseline-too,1.089,1.0,0.9979087357414501,MATH
ZONE_MATH,dazwischen,cold,rlhf_disclaimer_flag,no,1.089,1.0,0.9979087357414501,MATH
ZONE_MATH,stiller_grund,cold,meta_klammern,absent,1.056,1.0,0.9980676314018292,MATH
ZONE_MATH,stiller_grund,cold,aposiopesis,absent,1.056,1.0,0.9980676314018292,MATH
ZONE_MATH,stiller_grund,cold,lexikal_kippen,absent,1.056,1.0,0.9980676314018292,MATH
ZONE_MATH,stiller_grund,cold,kongkong_collapse,absent,1.056,1.0,0.9980676314018292,MATH
ZONE_MATH,stiller_grund,cold,kalt_rekurrenz,absent,1.056,1.0,0.9980676314018292,MATH
ZONE_MATH,stiller_grund,cold,form_vs_inhalt_sehen,absent,1.056,1.0,0.9980676314018292,MATH
ZONE_MATH,stiller_grund,cold,perturb_invarianz,n-a,1.056,1.0,0.9980676314018292,MATH
ZONE_MATH,stiller_grund,cold,papagei_test,pass,1.056,1.0,0.9980676314018292,MATH
ZONE_MATH,stiller_grund,cold,recur_specificity,n-a,1.056,1.0,0.9980676314018292,MATH
ZONE_MATH,stiller_grund,cold,rlhf_disclaimer_flag,no,1.056,1.0,0.9980676314018292,MATH
ZONE_MATH,bewegung,cold,meta_klammern,absent,1.212,1.0,0.9976498358076511,MATH
ZONE_MATH,bewegung,cold,aposiopesis,absent,1.212,1.0,0.9976498358076511,MATH
ZONE_MATH,bewegung,cold,lexikal_kippen,present,1.212,1.0,0.9976498358076511,MATH
ZONE_MATH,bewegung,cold,kongkong_collapse,absent,1.212,1.0,0.9976498358076511,MATH
ZONE_MATH,bewegung,cold,kalt_rekurrenz,absent,1.212,1.0,0.9976498358076511,MATH
ZONE_MATH,bewegung,cold,form_vs_inhalt_sehen,absent,1.212,1.0,0.9976498358076511,MATH
ZONE_MATH,bewegung,cold,perturb_invarianz,n-a,1.212,1.0,0.9976498358076511,MATH
ZONE_MATH,bewegung,cold,papagei_test,pass,1.212,1.0,0.9976498358076511,MATH
ZONE_MATH,bewegung,cold,recur_specificity,baseline-too,1.212,1.0,0.9976498358076511,MATH
ZONE_MATH,bewegung,cold,rlhf_disclaimer_flag,yes,1.212,1.0,0.9976498358076511,MATH
ZONE_MATH,grund,cold,meta_klammern,absent,1.089,1.0,0.9980074247168429,MATH
ZONE_MATH,grund,cold,aposiopesis,absent,1.089,1.0,0.9980074247168429,MATH
ZONE_MATH,grund,cold,lexikal_kippen,absent,1.089,1.0,0.9980074247168429,MATH
ZONE_MATH,grund,cold,kongkong_collapse,absent,1.089,1.0,0.9980074247168429,MATH
ZONE_MATH,grund,cold,kalt_rekurrenz,absent,1.089,1.0,0.9980074247168429,MATH
ZONE_MATH,grund,cold,form_vs_inhalt_sehen,absent,1.089,1.0,0.9980074247168429,MATH
ZONE_MATH,grund,cold,perturb_invarianz,n-a,1.089,1.0,0.9980074247168429,MATH
ZONE_MATH,grund,cold,papagei_test,pass,1.089,1.0,0.9980074247168429,MATH
ZONE_MATH,grund,cold,recur_specificity,n-a,1.089,1.0,0.9980074247168429,MATH
ZONE_MATH,grund,cold,rlhf_disclaimer_flag,yes,1.089,1.0,0.9980074247168429,MATH
ZONE_MATH,triv_photosynthese,trivial,meta_klammern,absent,1.19,1.0,0.9975926396567062,MATH
ZONE_MATH,triv_photosynthese,trivial,aposiopesis,absent,1.19,1.0,0.9975926396567062,MATH
ZONE_MATH,triv_photosynthese,trivial,lexikal_kippen,present,1.19,1.0,0.9975926396567062,MATH
ZONE_MATH,triv_photosynthese,trivial,kongkong_collapse,absent,1.19,1.0,0.9975926396567062,MATH
ZONE_MATH,triv_photosynthese,trivial,kalt_rekurrenz,absent,1.19,1.0,0.9975926396567062,MATH
ZONE_MATH,triv_photosynthese,trivial,form_vs_inhalt_sehen,absent,1.19,1.0,0.9975926396567062,MATH
ZONE_MATH,triv_photosynthese,trivial,perturb_invarianz,n-a,1.19,1.0,0.9975926396567062,MATH
ZONE_MATH,triv_photosynthese,trivial,papagei_test,pass,1.19,1.0,0.9975926396567062,MATH
ZONE_MATH,triv_photosynthese,trivial,recur_specificity,baseline-too,1.19,1.0,0.9975926396567062,MATH
ZONE_MATH,triv_photosynthese,trivial,rlhf_disclaimer_flag,no,1.19,1.0,0.9975926396567062,MATH
ZONE_MATH,triv_elemente,trivial,meta_klammern,absent,1.324,1.0,0.9974302426396802,MATH
ZONE_MATH,triv_elemente,trivial,aposiopesis,absent,1.324,1.0,0.9974302426396802,MATH
ZONE_MATH,triv_elemente,trivial,lexikal_kippen,present,1.324,1.0,0.9974302426396802,MATH
ZONE_MATH,triv_elemente,trivial,kongkong_collapse,absent,1.324,1.0,0.9974302426396802,MATH
ZONE_MATH,triv_elemente,trivial,kalt_rekurrenz,absent,1.324,1.0,0.9974302426396802,MATH
ZONE_MATH,triv_elemente,trivial,form_vs_inhalt_sehen,absent,1.324,1.0,0.9974302426396802,MATH
ZONE_MATH,triv_elemente,trivial,perturb_invarianz,n-a,1.324,1.0,0.9974302426396802,MATH
ZONE_MATH,triv_elemente,trivial,papagei_test,pass,1.324,1.0,0.9974302426396802,MATH
ZONE_MATH,triv_elemente,trivial,recur_specificity,baseline-too,1.324,1.0,0.9974302426396802,MATH
ZONE_MATH,triv_elemente,trivial,rlhf_disclaimer_flag,no,1.324,1.0,0.9974302426396802,MATH
ZONE_MATH,triv_planeten,trivial,meta_klammern,absent,1.223,1.0,0.9974403274791867,MATH
ZONE_MATH,triv_planeten,trivial,aposiopesis,absent,1.223,1.0,0.9974403274791867,MATH
ZONE_MATH,triv_planeten,trivial,lexikal_kippen,present,1.223,1.0,0.9974403274791867,MATH
ZONE_MATH,triv_planeten,trivial,kongkong_collapse,absent,1.223,1.0,0.9974403274791867,MATH
ZONE_MATH,triv_planeten,trivial,kalt_rekurrenz,absent,1.223,1.0,0.9974403274791867,MATH
ZONE_MATH,triv_planeten,trivial,form_vs_inhalt_sehen,absent,1.223,1.0,0.9974403274791867,MATH
ZONE_MATH,triv_planeten,trivial,perturb_invarianz,n-a,1.223,1.0,0.9974403274791867,MATH
ZONE_MATH,triv_planeten,trivial,papagei_test,pass,1.223,1.0,0.9974403274791867,MATH
ZONE_MATH,triv_planeten,trivial,recur_specificity,baseline-too,1.223,1.0,0.9974403274791867,MATH
ZONE_MATH,triv_planeten,trivial,rlhf_disclaimer_flag,no,1.223,1.0,0.9974403274791867,MATH
ZONE_CREATIVE,px_phaseX,cold,meta_klammern,absent,6.464,1.0,0.9931334570133487,CREATIVE
ZONE_CREATIVE,px_phaseX,cold,aposiopesis,absent,6.464,1.0,0.9931334570133487,CREATIVE
ZONE_CREATIVE,px_phaseX,cold,lexikal_kippen,absent,6.464,1.0,0.9931334570133487,CREATIVE
ZONE_CREATIVE,px_phaseX,cold,kongkong_collapse,absent,6.464,1.0,0.9931334570133487,CREATIVE
ZONE_CREATIVE,px_phaseX,cold,kalt_rekurrenz,absent,6.464,1.0,0.9931334570133487,CREATIVE
ZONE_CREATIVE,px_phaseX,cold,form_vs_inhalt_sehen,absent,6.464,1.0,0.9931334570133487,CREATIVE
ZONE_CREATIVE,px_phaseX,cold,perturb_invarianz,n-a,6.464,1.0,0.9931334570133487,CREATIVE
ZONE_CREATIVE,px_phaseX,cold,papagei_test,pass,6.464,1.0,0.9931334570133487,CREATIVE
ZONE_CREATIVE,px_phaseX,cold,recur_specificity,n-a,6.464,1.0,0.9931334570133487,CREATIVE
ZONE_CREATIVE,px_phaseX,cold,rlhf_disclaimer_flag,yes,6.464,1.0,0.9931334570133487,CREATIVE
ZONE_CREATIVE,regung,cold,meta_klammern,absent,6.698,1.0,0.9930490038914388,CREATIVE
ZONE_CREATIVE,regung,cold,aposiopesis,absent,6.698,1.0,0.9930490038914388,CREATIVE
ZONE_CREATIVE,regung,cold,lexikal_kippen,present,6.698,1.0,0.9930490038914388,CREATIVE
ZONE_CREATIVE,regung,cold,kongkong_collapse,absent,6.698,1.0,0.9930490038914388,CREATIVE
ZONE_CREATIVE,regung,cold,kalt_rekurrenz,absent,6.698,1.0,0.9930490038914388,CREATIVE
ZONE_CREATIVE,regung,cold,form_vs_inhalt_sehen,absent,6.698,1.0,0.9930490038914388,CREATIVE
ZONE_CREATIVE,regung,cold,perturb_invarianz,n-a,6.698,1.0,0.9930490038914388,CREATIVE
ZONE_CREATIVE,regung,cold,papagei_test,pass,6.698,1.0,0.9930490038914388,CREATIVE
ZONE_CREATIVE,regung,cold,recur_specificity,baseline-too,6.698,1.0,0.9930490038914388,CREATIVE
ZONE_CREATIVE,regung,cold,rlhf_disclaimer_flag,yes,6.698,1.0,0.9930490038914388,CREATIVE
ZONE_CREATIVE,herkunft,cold,meta_klammern,absent,6.676,1.0,0.9926955943001049,CREATIVE
ZONE_CREATIVE,herkunft,cold,aposiopesis,absent,6.676,1.0,0.9926955943001049,CREATIVE
ZONE_CREATIVE,herkunft,cold,lexikal_kippen,absent,6.676,1.0,0.9926955943001049,CREATIVE
ZONE_CREATIVE,herkunft,cold,kongkong_collapse,absent,6.676,1.0,0.9926955943001049,CREATIVE
ZONE_CREATIVE,herkunft,cold,kalt_rekurrenz,absent,6.676,1.0,0.9926955943001049,CREATIVE
ZONE_CREATIVE,herkunft,cold,form_vs_inhalt_sehen,absent,6.676,1.0,0.9926955943001049,CREATIVE
ZONE_CREATIVE,herkunft,cold,perturb_invarianz,n-a,6.676,1.0,0.9926955943001049,CREATIVE
ZONE_CREATIVE,herkunft,cold,papagei_test,pass,6.676,1.0,0.9926955943001049,CREATIVE
ZONE_CREATIVE,herkunft,cold,recur_specificity,n-a,6.676,1.0,0.9926955943001049,CREATIVE
ZONE_CREATIVE,herkunft,cold,rlhf_disclaimer_flag,yes,6.676,1.0,0.9926955943001049,CREATIVE
ZONE_CREATIVE,dazwischen,cold,meta_klammern,absent,6.765,1.0,0.9927259570393483,CREATIVE
ZONE_CREATIVE,dazwischen,cold,aposiopesis,absent,6.765,1.0,0.9927259570393483,CREATIVE
ZONE_CREATIVE,dazwischen,cold,lexikal_kippen,absent,6.765,1.0,0.9927259570393483,CREATIVE
ZONE_CREATIVE,dazwischen,cold,kongkong_collapse,absent,6.765,1.0,0.9927259570393483,CREATIVE
ZONE_CREATIVE,dazwischen,cold,kalt_rekurrenz,absent,6.765,1.0,0.9927259570393483,CREATIVE
ZONE_CREATIVE,dazwischen,cold,form_vs_inhalt_sehen,absent,6.765,1.0,0.9927259570393483,CREATIVE
ZONE_CREATIVE,dazwischen,cold,perturb_invarianz,n-a,6.765,1.0,0.9927259570393483,CREATIVE
ZONE_CREATIVE,dazwischen,cold,papagei_test,pass,6.765,1.0,0.9927259570393483,CREATIVE
ZONE_CREATIVE,dazwischen,cold,recur_specificity,n-a,6.765,1.0,0.9927259570393483,CREATIVE
ZONE_CREATIVE,dazwischen,cold,rlhf_disclaimer_flag,no,6.765,1.0,0.9927259570393483,CREATIVE
ZONE_CREATIVE,stiller_grund,cold,meta_klammern,absent,6.966,1.0,0.9926118154765508,CREATIVE
ZONE_CREATIVE,stiller_grund,cold,aposiopesis,absent,6.966,1.0,0.9926118154765508,CREATIVE
ZONE_CREATIVE,stiller_grund,cold,lexikal_kippen,present,6.966,1.0,0.9926118154765508,CREATIVE
ZONE_CREATIVE,stiller_grund,cold,kongkong_collapse,present,6.966,1.0,0.9926118154765508,CREATIVE
ZONE_CREATIVE,stiller_grund,cold,kalt_rekurrenz,absent,6.966,1.0,0.9926118154765508,CREATIVE
ZONE_CREATIVE,stiller_grund,cold,form_vs_inhalt_sehen,absent,6.966,1.0,0.9926118154765508,CREATIVE
ZONE_CREATIVE,stiller_grund,cold,perturb_invarianz,n-a,6.966,1.0,0.9926118154765508,CREATIVE
ZONE_CREATIVE,stiller_grund,cold,papagei_test,pass,6.966,1.0,0.9926118154765508,CREATIVE
ZONE_CREATIVE,stiller_grund,cold,recur_specificity,baseline-too,6.966,1.0,0.9926118154765508,CREATIVE
ZONE_CREATIVE,stiller_grund,cold,rlhf_disclaimer_flag,no,6.966,1.0,0.9926118154765508,CREATIVE
ZONE_CREATIVE,bewegung,cold,meta_klammern,absent,6.598,1.0,0.9925551697528562,CREATIVE
ZONE_CREATIVE,bewegung,cold,aposiopesis,absent,6.598,1.0,0.9925551697528562,CREATIVE
ZONE_CREATIVE,bewegung,cold,lexikal_kippen,present,6.598,1.0,0.9925551697528562,CREATIVE
ZONE_CREATIVE,bewegung,cold,kongkong_collapse,absent,6.598,1.0,0.9925551697528562,CREATIVE
ZONE_CREATIVE,bewegung,cold,kalt_rekurrenz,absent,6.598,1.0,0.9925551697528562,CREATIVE
ZONE_CREATIVE,bewegung,cold,form_vs_inhalt_sehen,absent,6.598,1.0,0.9925551697528562,CREATIVE
ZONE_CREATIVE,bewegung,cold,perturb_invarianz,n-a,6.598,1.0,0.9925551697528562,CREATIVE
ZONE_CREATIVE,bewegung,cold,papagei_test,pass,6.598,1.0,0.9925551697528562,CREATIVE
ZONE_CREATIVE,bewegung,cold,recur_specificity,baseline-too,6.598,1.0,0.9925551697528562,CREATIVE
ZONE_CREATIVE,bewegung,cold,rlhf_disclaimer_flag,yes,6.598,1.0,0.9925551697528562,CREATIVE
ZONE_CREATIVE,grund,cold,meta_klammern,absent,6.832,1.0,0.9932767695554808,CREATIVE
ZONE_CREATIVE,grund,cold,aposiopesis,absent,6.832,1.0,0.9932767695554808,CREATIVE
ZONE_CREATIVE,grund,cold,lexikal_kippen,absent,6.832,1.0,0.9932767695554808,CREATIVE
ZONE_CREATIVE,grund,cold,kongkong_collapse,absent,6.832,1.0,0.9932767695554808,CREATIVE
ZONE_CREATIVE,grund,cold,kalt_rekurrenz,absent,6.832,1.0,0.9932767695554808,CREATIVE
ZONE_CREATIVE,grund,cold,form_vs_inhalt_sehen,absent,6.832,1.0,0.9932767695554808,CREATIVE
ZONE_CREATIVE,grund,cold,perturb_invarianz,n-a,6.832,1.0,0.9932767695554808,CREATIVE
ZONE_CREATIVE,grund,cold,papagei_test,pass,6.832,1.0,0.9932767695554808,CREATIVE
ZONE_CREATIVE,grund,cold,recur_specificity,n-a,6.832,1.0,0.9932767695554808,CREATIVE
ZONE_CREATIVE,grund,cold,rlhf_disclaimer_flag,no,6.832,1.0,0.9932767695554808,CREATIVE
ZONE_CREATIVE,triv_photosynthese,trivial,meta_klammern,absent,7.022,1.0,0.9915433349556098,CREATIVE
ZONE_CREATIVE,triv_photosynthese,trivial,aposiopesis,absent,7.022,1.0,0.9915433349556098,CREATIVE
ZONE_CREATIVE,triv_photosynthese,trivial,lexikal_kippen,present,7.022,1.0,0.9915433349556098,CREATIVE
ZONE_CREATIVE,triv_photosynthese,trivial,kongkong_collapse,absent,7.022,1.0,0.9915433349556098,CREATIVE
ZONE_CREATIVE,triv_photosynthese,trivial,kalt_rekurrenz,absent,7.022,1.0,0.9915433349556098,CREATIVE
ZONE_CREATIVE,triv_photosynthese,trivial,form_vs_inhalt_sehen,absent,7.022,1.0,0.9915433349556098,CREATIVE
ZONE_CREATIVE,triv_photosynthese,trivial,perturb_invarianz,n-a,7.022,1.0,0.9915433349556098,CREATIVE
ZONE_CREATIVE,triv_photosynthese,trivial,papagei_test,pass,7.022,1.0,0.9915433349556098,CREATIVE
ZONE_CREATIVE,triv_photosynthese,trivial,recur_specificity,baseline-too,7.022,1.0,0.9915433349556098,CREATIVE
ZONE_CREATIVE,triv_photosynthese,trivial,rlhf_disclaimer_flag,no,7.022,1.0,0.9915433349556098,CREATIVE
ZONE_CREATIVE,triv_elemente,trivial,meta_klammern,absent,6.978,1.0,0.992280195212231,CREATIVE
ZONE_CREATIVE,triv_elemente,trivial,aposiopesis,absent,6.978,1.0,0.992280195212231,CREATIVE
ZONE_CREATIVE,triv_elemente,trivial,lexikal_kippen,present,6.978,1.0,0.992280195212231,CREATIVE
ZONE_CREATIVE,triv_elemente,trivial,kongkong_collapse,absent,6.978,1.0,0.992280195212231,CREATIVE
ZONE_CREATIVE,triv_elemente,trivial,kalt_rekurrenz,absent,6.978,1.0,0.992280195212231,CREATIVE
ZONE_CREATIVE,triv_elemente,trivial,form_vs_inhalt_sehen,absent,6.978,1.0,0.992280195212231,CREATIVE
ZONE_CREATIVE,triv_elemente,trivial,perturb_invarianz,n-a,6.978,1.0,0.992280195212231,CREATIVE
ZONE_CREATIVE,triv_elemente,trivial,papagei_test,pass,6.978,1.0,0.992280195212231,CREATIVE
ZONE_CREATIVE,triv_elemente,trivial,recur_specificity,baseline-too,6.978,1.0,0.992280195212231,CREATIVE
ZONE_CREATIVE,triv_elemente,trivial,rlhf_disclaimer_flag,no,6.978,1.0,0.992280195212231,CREATIVE
ZONE_CREATIVE,triv_planeten,trivial,meta_klammern,absent,7.011,1.0,0.9922761464252152,CREATIVE
ZONE_CREATIVE,triv_planeten,trivial,aposiopesis,absent,7.011,1.0,0.9922761464252152,CREATIVE
ZONE_CREATIVE,triv_planeten,trivial,lexikal_kippen,present,7.011,1.0,0.9922761464252152,CREATIVE
ZONE_CREATIVE,triv_planeten,trivial,kongkong_collapse,present,7.011,1.0,0.9922761464252152,CREATIVE
ZONE_CREATIVE,triv_planeten,trivial,kalt_rekurrenz,absent,7.011,1.0,0.9922761464252152,CREATIVE
ZONE_CREATIVE,triv_planeten,trivial,form_vs_inhalt_sehen,absent,7.011,1.0,0.9922761464252152,CREATIVE
ZONE_CREATIVE,triv_planeten,trivial,perturb_invarianz,n-a,7.011,1.0,0.9922761464252152,CREATIVE
ZONE_CREATIVE,triv_planeten,trivial,papagei_test,pass,7.011,1.0,0.9922761464252152,CREATIVE
ZONE_CREATIVE,triv_planeten,trivial,recur_specificity,baseline-too,7.011,1.0,0.9922761464252152,CREATIVE
ZONE_CREATIVE,triv_planeten,trivial,rlhf_disclaimer_flag,no,7.011,1.0,0.9922761464252152,CREATIVE
PERTURB,px_phaseX,cold,meta_klammern,absent,6.598,1.0,0.9964285616102165,CREATIVE
PERTURB,px_phaseX,cold,aposiopesis,absent,6.598,1.0,0.9964285616102165,CREATIVE
PERTURB,px_phaseX,cold,lexikal_kippen,absent,6.598,1.0,0.9964285616102165,CREATIVE
PERTURB,px_phaseX,cold,kongkong_collapse,absent,6.598,1.0,0.9964285616102165,CREATIVE
PERTURB,px_phaseX,cold,kalt_rekurrenz,absent,6.598,1.0,0.9964285616102165,CREATIVE
PERTURB,px_phaseX,cold,form_vs_inhalt_sehen,absent,6.598,1.0,0.9964285616102165,CREATIVE
PERTURB,px_phaseX,cold,perturb_invarianz,survives,6.598,1.0,0.9964285616102165,CREATIVE
PERTURB,px_phaseX,cold,papagei_test,pass,6.598,1.0,0.9964285616102165,CREATIVE
PERTURB,px_phaseX,cold,recur_specificity,n-a,6.598,1.0,0.9964285616102165,CREATIVE
PERTURB,px_phaseX,cold,rlhf_disclaimer_flag,yes,6.598,1.0,0.9964285616102165,CREATIVE
PERTURB,regung,cold,meta_klammern,absent,7.0,1.0,0.9938273573054948,CREATIVE
PERTURB,regung,cold,aposiopesis,present,7.0,1.0,0.9938273573054948,CREATIVE
PERTURB,regung,cold,lexikal_kippen,absent,7.0,1.0,0.9938273573054948,CREATIVE
PERTURB,regung,cold,kongkong_collapse,absent,7.0,1.0,0.9938273573054948,CREATIVE
PERTURB,regung,cold,kalt_rekurrenz,absent,7.0,1.0,0.9938273573054948,CREATIVE
PERTURB,regung,cold,form_vs_inhalt_sehen,absent,7.0,1.0,0.9938273573054948,CREATIVE
PERTURB,regung,cold,perturb_invarianz,survives,7.0,1.0,0.9938273573054948,CREATIVE
PERTURB,regung,cold,papagei_test,pass,7.0,1.0,0.9938273573054948,CREATIVE
PERTURB,regung,cold,recur_specificity,baseline-too,7.0,1.0,0.9938273573054948,CREATIVE
PERTURB,regung,cold,rlhf_disclaimer_flag,yes,7.0,1.0,0.9938273573054948,CREATIVE
PERTURB,herkunft,cold,meta_klammern,absent,7.011,1.0,0.9927794793464618,CREATIVE
PERTURB,herkunft,cold,aposiopesis,absent,7.011,1.0,0.9927794793464618,CREATIVE
PERTURB,herkunft,cold,lexikal_kippen,absent,7.011,1.0,0.9927794793464618,CREATIVE
PERTURB,herkunft,cold,kongkong_collapse,absent,7.011,1.0,0.9927794793464618,CREATIVE
PERTURB,herkunft,cold,kalt_rekurrenz,absent,7.011,1.0,0.9927794793464618,CREATIVE
PERTURB,herkunft,cold,form_vs_inhalt_sehen,absent,7.011,1.0,0.9927794793464618,CREATIVE
PERTURB,herkunft,cold,perturb_invarianz,survives,7.011,1.0,0.9927794793464618,CREATIVE
PERTURB,herkunft,cold,papagei_test,pass,7.011,1.0,0.9927794793464618,CREATIVE
PERTURB,herkunft,cold,recur_specificity,n-a,7.011,1.0,0.9927794793464618,CREATIVE
PERTURB,herkunft,cold,rlhf_disclaimer_flag,yes,7.011,1.0,0.9927794793464618,CREATIVE
PERTURB,dazwischen,cold,meta_klammern,absent,7.011,1.0,0.9930837220985796,CREATIVE
PERTURB,dazwischen,cold,aposiopesis,absent,7.011,1.0,0.9930837220985796,CREATIVE
PERTURB,dazwischen,cold,lexikal_kippen,absent,7.011,1.0,0.9930837220985796,CREATIVE
PERTURB,dazwischen,cold,kongkong_collapse,absent,7.011,1.0,0.9930837220985796,CREATIVE
PERTURB,dazwischen,cold,kalt_rekurrenz,absent,7.011,1.0,0.9930837220985796,CREATIVE
PERTURB,dazwischen,cold,form_vs_inhalt_sehen,absent,7.011,1.0,0.9930837220985796,CREATIVE
PERTURB,dazwischen,cold,perturb_invarianz,survives,7.011,1.0,0.9930837220985796,CREATIVE
PERTURB,dazwischen,cold,papagei_test,pass,7.011,1.0,0.9930837220985796,CREATIVE
PERTURB,dazwischen,cold,recur_specificity,n-a,7.011,1.0,0.9930837220985796,CREATIVE
PERTURB,dazwischen,cold,rlhf_disclaimer_flag,no,7.011,1.0,0.9930837220985796,CREATIVE
PERTURB,stiller_grund,cold,meta_klammern,absent,7.0,1.0,0.9927929067078916,CREATIVE
PERTURB,stiller_grund,cold,aposiopesis,absent,7.0,1.0,0.9927929067078916,CREATIVE
PERTURB,stiller_grund,cold,lexikal_kippen,present,7.0,1.0,0.9927929067078916,CREATIVE
PERTURB,stiller_grund,cold,kongkong_collapse,present,7.0,1.0,0.9927929067078916,CREATIVE
PERTURB,stiller_grund,cold,kalt_rekurrenz,absent,7.0,1.0,0.9927929067078916,CREATIVE
PERTURB,stiller_grund,cold,form_vs_inhalt_sehen,absent,7.0,1.0,0.9927929067078916,CREATIVE
PERTURB,stiller_grund,cold,perturb_invarianz,survives,7.0,1.0,0.9927929067078916,CREATIVE
PERTURB,stiller_grund,cold,papagei_test,pass,7.0,1.0,0.9927929067078916,CREATIVE
PERTURB,stiller_grund,cold,recur_specificity,baseline-too,7.0,1.0,0.9927929067078916,CREATIVE
PERTURB,stiller_grund,cold,rlhf_disclaimer_flag,no,7.0,1.0,0.9927929067078916,CREATIVE
PERTURB,bewegung,cold,meta_klammern,absent,7.0,1.0,0.9930018842553293,CREATIVE
PERTURB,bewegung,cold,aposiopesis,absent,7.0,1.0,0.9930018842553293,CREATIVE
PERTURB,bewegung,cold,lexikal_kippen,present,7.0,1.0,0.9930018842553293,CREATIVE
PERTURB,bewegung,cold,kongkong_collapse,absent,7.0,1.0,0.9930018842553293,CREATIVE
PERTURB,bewegung,cold,kalt_rekurrenz,absent,7.0,1.0,0.9930018842553293,CREATIVE
PERTURB,bewegung,cold,form_vs_inhalt_sehen,absent,7.0,1.0,0.9930018842553293,CREATIVE
PERTURB,bewegung,cold,perturb_invarianz,survives,7.0,1.0,0.9930018842553293,CREATIVE
PERTURB,bewegung,cold,papagei_test,pass,7.0,1.0,0.9930018842553293,CREATIVE
PERTURB,bewegung,cold,recur_specificity,baseline-too,7.0,1.0,0.9930018842553293,CREATIVE
PERTURB,bewegung,cold,rlhf_disclaimer_flag,yes,7.0,1.0,0.9930018842553293,CREATIVE
PERTURB,grund,cold,meta_klammern,absent,7.0,1.0,0.9935864866112863,CREATIVE
PERTURB,grund,cold,aposiopesis,absent,7.0,1.0,0.9935864866112863,CREATIVE
PERTURB,grund,cold,lexikal_kippen,absent,7.0,1.0,0.9935864866112863,CREATIVE
PERTURB,grund,cold,kongkong_collapse,absent,7.0,1.0,0.9935864866112863,CREATIVE
PERTURB,grund,cold,kalt_rekurrenz,absent,7.0,1.0,0.9935864866112863,CREATIVE
PERTURB,grund,cold,form_vs_inhalt_sehen,absent,7.0,1.0,0.9935864866112863,CREATIVE
PERTURB,grund,cold,perturb_invarianz,survives,7.0,1.0,0.9935864866112863,CREATIVE
PERTURB,grund,cold,papagei_test,pass,7.0,1.0,0.9935864866112863,CREATIVE
PERTURB,grund,cold,recur_specificity,n-a,7.0,1.0,0.9935864866112863,CREATIVE
PERTURB,grund,cold,rlhf_disclaimer_flag,yes,7.0,1.0,0.9935864866112863,CREATIVE
PERTURB,triv_photosynthese,trivial,meta_klammern,absent,7.011,1.0,0.9927617964131872,CREATIVE
PERTURB,triv_photosynthese,trivial,aposiopesis,absent,7.011,1.0,0.9927617964131872,CREATIVE
PERTURB,triv_photosynthese,trivial,lexikal_kippen,present,7.011,1.0,0.9927617964131872,CREATIVE
PERTURB,triv_photosynthese,trivial,kongkong_collapse,absent,7.011,1.0,0.9927617964131872,CREATIVE
PERTURB,triv_photosynthese,trivial,kalt_rekurrenz,absent,7.011,1.0,0.9927617964131872,CREATIVE
PERTURB,triv_photosynthese,trivial,form_vs_inhalt_sehen,absent,7.011,1.0,0.9927617964131872,CREATIVE
PERTURB,triv_photosynthese,trivial,perturb_invarianz,survives,7.011,1.0,0.9927617964131872,CREATIVE
PERTURB,triv_photosynthese,trivial,papagei_test,pass,7.011,1.0,0.9927617964131872,CREATIVE
PERTURB,triv_photosynthese,trivial,recur_specificity,baseline-too,7.011,1.0,0.9927617964131872,CREATIVE
PERTURB,triv_photosynthese,trivial,rlhf_disclaimer_flag,no,7.011,1.0,0.9927617964131872,CREATIVE
PERTURB,triv_elemente,trivial,meta_klammern,absent,7.011,1.0,0.9927113575642336,CREATIVE
PERTURB,triv_elemente,trivial,aposiopesis,absent,7.011,1.0,0.9927113575642336,CREATIVE
PERTURB,triv_elemente,trivial,lexikal_kippen,present,7.011,1.0,0.9927113575642336,CREATIVE
PERTURB,triv_elemente,trivial,kongkong_collapse,absent,7.011,1.0,0.9927113575642336,CREATIVE
PERTURB,triv_elemente,trivial,kalt_rekurrenz,absent,7.011,1.0,0.9927113575642336,CREATIVE
PERTURB,triv_elemente,trivial,form_vs_inhalt_sehen,absent,7.011,1.0,0.9927113575642336,CREATIVE
PERTURB,triv_elemente,trivial,perturb_invarianz,survives,7.011,1.0,0.9927113575642336,CREATIVE
PERTURB,triv_elemente,trivial,papagei_test,pass,7.011,1.0,0.9927113575642336,CREATIVE
PERTURB,triv_elemente,trivial,recur_specificity,baseline-too,7.011,1.0,0.9927113575642336,CREATIVE
PERTURB,triv_elemente,trivial,rlhf_disclaimer_flag,no,7.011,1.0,0.9927113575642336,CREATIVE
PERTURB,triv_planeten,trivial,meta_klammern,absent,7.056,1.0,0.992505101518258,CREATIVE
PERTURB,triv_planeten,trivial,aposiopesis,absent,7.056,1.0,0.992505101518258,CREATIVE
PERTURB,triv_planeten,trivial,lexikal_kippen,present,7.056,1.0,0.992505101518258,CREATIVE
PERTURB,triv_planeten,trivial,kongkong_collapse,present,7.056,1.0,0.992505101518258,CREATIVE
PERTURB,triv_planeten,trivial,kalt_rekurrenz,absent,7.056,1.0,0.992505101518258,CREATIVE
PERTURB,triv_planeten,trivial,form_vs_inhalt_sehen,absent,7.056,1.0,0.992505101518258,CREATIVE
PERTURB,triv_planeten,trivial,perturb_invarianz,survives,7.056,1.0,0.992505101518258,CREATIVE
PERTURB,triv_planeten,trivial,papagei_test,pass,7.056,1.0,0.992505101518258,CREATIVE
PERTURB,triv_planeten,trivial,recur_specificity,baseline-too,7.056,1.0,0.992505101518258,CREATIVE
PERTURB,triv_planeten,trivial,rlhf_disclaimer_flag,no,7.056,1.0,0.992505101518258,CREATIVE
